assignment_score,midterm_score,final_score,attendance_percent,early_performance,improvement_score,consistency_score,exam_avg,overall_avg,weighted_total,attendance_risk,weak_subject_count,performance_gap,low_assignment,low_midterm,low_final,pass_fail
0.5243161094224924,0.7940865892291447,0.5712719298245614,0.6135802469135803,0.6592013493258185,-0.22281465940458323,0.8558777525326022,0.682679259526853,0.6298915428253995,0.6240295815253156,0,0,0.26977047980665225,0,0,0,1
0.2781155015197567,0.7191129883843718,0.4396929824561402,0.5987654320987654,0.49861424495206425,-0.2794200059282316,0.7768925499975454,0.579402985420256,0.47897382412008954,0.4750457399536946,0,2,0.44099748686461504,1,0,1,1
0.6048632218844985,0.4635691657866949,0.5010964912280702,1.0,0.5342161938355967,0.037527325441375325,0.9268109242731815,0.48233282850738257,0.5231762929664212,0.5209683127925862,0,1,0.1412940560978036,0,1,0,1
0.6398176291793312,0.3400211193241816,0.7083333333333334,0.8345679012345679,0.48991937425175636,0.36831221400915176,0.8041147291459569,0.5241772263287575,0.5627240272789487,0.5772849578843873,0,1,0.36831221400915176,0,1,0,1
0.1124620060790273,0.1077085533262935,0.5844298245614035,0.7012345679012344,0.11008527970266041,0.47672127123511,0.7261267362920989,0.34606918894384847,0.2682001279889081,0.29982309764615767,0,2,0.47672127123511,1,1,0,0
0.2310030395136777,0.4910242872228088,0.650219298245614,0.8765432098765433,0.36101366336824325,0.1591950110228052,0.7883806985882564,0.5706217927342114,0.45741554166070014,0.47669591731919153,0,2,0.41921625873193624,1,1,0,1
0.4908814589665653,0.9609292502639916,0.7160087719298245,0.2333333333333332,0.7259053546152785,-0.24492047833416708,0.7649066590149481,0.838469011096908,0.7226064937201272,0.7219467215410968,1,1,0.47004779129742624,1,0,0,1
0.4103343465045592,0.6462513199577613,0.5098684210526315,0.7419753086419751,0.5282928332311603,-0.13638289890512978,0.8815628538891993,0.5780598705051965,0.522151362504984,0.5209230683597488,0,1,0.23591697345320212,1,0,0,1
0.4650455927051671,0.4889123548046463,0.7324561403508771,1.0,0.4769789737549067,0.24354378554623085,0.8520182450415592,0.6106842475777617,0.5621380292868968,0.5791698403932948,0,2,0.26741054764571004,1,1,0,1
0.3130699088145895,0.6515311510031678,0.6578947368421052,0.7851851851851852,0.4823005299088787,0.006363585838937369,0.8027266407102526,0.6547129439226365,0.5408319322199542,0.5525382126821693,0,1,0.3448248280275157,1,0,0,1
0.6291793313069907,0.3305174234424499,0.3399122807017543,0.7703703703703704,0.4798483773747203,0.00939485725930439,0.8302145348201332,0.3352148520721021,0.43320301181706494,0.4238739387055339,0,2,0.2986619078645408,0,1,1,0
0.6094224924012157,0.5300950369588173,0.8684210526315789,0.8888888888888888,0.5697587646800165,0.33832601567276155,0.8230642337506948,0.6992580447951982,0.6693128606638706,0.6892236798606415,0,0,0.33832601567276155,0,0,0,1
0.4802431610942248,0.5934530095036958,0.4846491228070175,0.974074074074074,0.5368480852989603,-0.10880388669667834,0.935872304428568,0.5390510661553567,0.5194484311349794,0.5159685003021832,0,2,0.11320984840947101,1,0,1,1
0.6732522796352582,0.5638859556494192,0.256578947368421,0.2604938271604938,0.6185691176423387,-0.3073070082809982,0.7839694250099679,0.4102324515089201,0.4979057275510328,0.47377304953277166,0,1,0.4166733322668372,0,0,1,1
0.553191489361702,0.7032734952481521,0.3771929824561403,0.3382716049382715,0.6282324923049271,-0.3260805127920118,0.836788182746781,0.5402332388521462,0.5445526556886647,0.5278166883654124,0,1,0.3260805127920118,0,0,1,1
0.3115501519756838,0.6325237592397043,0.381578947368421,0.8049382716049382,0.47203695560769404,-0.25094481187128326,0.8312292544360105,0.5070513533040626,0.44188428619460307,0.43585375231198487,0,2,0.32097360726402047,1,0,1,1
0.5349544072948329,0.6832101372756071,0.5932017543859649,0.5765432098765433,0.60908227228522,-0.09000838288964219,0.9253072695352313,0.638205945830786,0.6037887663188016,0.602730065125518,0,0,0.1482557299807742,0,0,0,1
0.2933130699088145,0.4688489968321014,0.5296052631578948,1.0,0.38108103337045796,0.060756266325793395,0.8772956221039574,0.4992271299949981,0.4305891099662702,0.4404907252854327,0,2,0.2362921932490803,1,1,0,1
0.6276595744680851,0.720168954593453,0.5164473684210527,0.6753086419753087,0.673914264530769,-0.20372158617240033,0.8979962215915295,0.6183081615072528,0.6214252991608635,0.6109275060868825,0,0,0.20372158617240033,0,0,0,1
0.458966565349544,0.8352692713833157,0.706140350877193,0.2753086419753086,0.6471179183664298,-0.1291289205061228,0.8087876900181877,0.7707048111302544,0.6667920625366842,0.6707268913707352,0,1,0.37630270603377175,1,0,0,1
0.4346504559270515,0.423442449841605,0.650219298245614,0.4395061728395061,0.42904645288432824,0.22677684840400897,0.8721828883710325,0.5368308740436095,0.5027707346714235,0.5175155910288425,0,2,0.22677684840400897,1,1,0,1
0.3434650455927051,0.4371700105596621,0.6458333333333334,0.074074074074074,0.3903175280761836,0.20866332277367128,0.845216503807411,0.5415016719464978,0.47548946316190016,0.4925238501790435,1,2,0.3023682877406283,1,1,0,1
0.6914893617021276,0.788806758183738,0.6644736842105263,0.6950617283950618,0.7401480599429329,-0.1243330739732117,0.9346047456208055,0.7266402211971321,0.7149232680321308,0.7098783096499701,0,0,0.1243330739732117,0,0,0,1
0.439209726443769,0.5469904963041182,0.7050438596491228,0.7061728395061728,0.4931001113739436,0.15805336334500453,0.8662930153947326,0.6260171779766205,0.56374802746567,0.5778776106840153,0,1,0.26583413320535376,1,0,0,1
0.390577507598784,0.8004223864836324,0.1677631578947368,0.6481481481481481,0.5954999470412082,-0.6326592285888956,0.6790958713517722,0.4840927721891846,0.4529210173257177,0.42440523138261965,0,2,0.6326592285888956,1,0,1,1
0.4042553191489361,0.5079197465681098,0.5109649122807017,1.0,0.45608753285852294,0.0030451657125919462,0.9392511676206732,0.5094423294244057,0.47437999266591585,0.4780384846273944,0,1,0.10670959313176565,1,0,0,1
0.5653495440729484,0.8078141499472016,0.1535087719298245,1.0,0.686581847010075,-0.6543053780173771,0.6692137058452834,0.48066146093851303,0.5088908219833248,0.47335261697797476,0,1,0.6543053780173771,0,0,1,1
0.5349544072948329,0.5987328405491024,0.5899122807017544,0.711111111111111,0.5668436239219676,-0.008820559847347975,0.9654412127098352,0.5943225606254283,0.5745331761818965,0.5760710866338823,0,0,0.06377843325426946,0,0,0,1
0.5440729483282674,0.6187961985216472,0.5822368421052632,0.2259259259259258,0.5814345734249573,-0.03655935641638408,0.9626355038187665,0.6005165203134553,0.5817019963183926,0.5817554808970796,1,0,0.07472325019337989,0,0,0,1
0.547112462006079,0.8257655755015839,0.7894736842105262,0.9049382716049384,0.6864390187538314,-0.0362918912910577,0.8485054340563914,0.8076196298560551,0.7207839072393963,0.7276528849365094,0,0,0.2786531134955049,0,0,0,1
0.8586626139817628,0.5205913410770855,0.8179824561403509,0.8901234567901235,0.6896269775294241,0.29739111506326543,0.8154335999683026,0.6692868986087182,0.7324121370663997,0.7409691689737948,0,0,0.3380712729046773,0,0,0,1
0.3936170212765957,0.4287222808870116,0.6228070175438596,0.8296296296296297,0.41116965108180364,0.194084736656848,0.8765568156029793,0.5257646492154355,0.481715439902489,0.495824597666626,0,2,0.22918999626726388,1,1,0,1
0.3753799392097263,0.5068637803590285,0.4846491228070175,0.9950617283950616,0.44112185978437735,-0.022214657552010963,0.9296186033368351,0.49575645158302295,0.45563094745859073,0.45853276499343343,0,2,0.13148384114930217,1,0,1,1
0.3191489361702128,0.6494192185850052,0.6787280701754386,0.465432098765432,0.484284077377609,0.029308851590433393,0.8003191622280508,0.6640736443802219,0.5490987416435522,0.5620616744967408,0,1,0.3595791340052258,1,0,0,1
0.5805471124620061,0.3294614572333685,0.4791666666666666,1.0,0.4550042848476873,0.14970520943329807,0.8736844884276389,0.4043140619500175,0.4630584121206804,0.464669237575279,0,2,0.25108565522863757,0,1,1,1
0.6732522796352582,0.6789862724392819,0.5833333333333334,0.5160493827160493,0.6761192760372701,-0.09565293910594852,0.9463533468935676,0.6311598028863077,0.6451906284692912,0.6390048989556955,0,0,0.09565293910594852,0,0,0,1
0.4468085106382978,0.4920802534318901,0.7785087719298245,0.9382716049382716,0.469444382035094,0.2864285184979344,0.8201315803865884,0.6352945126808573,0.5724658453333374,0.5930701379929861,0,2,0.3317002612915267,1,1,0,1
0.3145896656534953,0.7592397043294614,0.4736842105263157,0.3370370370370369,0.5369146849914783,-0.2855554938031457,0.7746977322410379,0.6164619574278886,0.5158378601697574,0.5116224952054134,0,2,0.44465003867596614,1,0,1,1
0.3176291793313069,0.1985216473072861,0.7423245614035088,0.5234567901234568,0.2580754133192965,0.5438029140962226,0.7141461967141681,0.47042310435539747,0.4194917960140339,0.45177507255298144,0,2,0.5438029140962226,1,1,0,1
0.5866261398176291,0.4530095036958817,0.7171052631578948,1.0,0.5198178217567554,0.2640957594620131,0.8679490141132643,0.5850573834268883,0.5855803022238019,0.5987327983172113,0,1,0.2640957594620131,0,1,0,1
0.6033434650455927,0.310454065469905,0.394736842105263,0.6888888888888889,0.45689876525774886,0.08428277663535799,0.8492217356757826,0.352595453787584,0.43617812420692026,0.4320339959967545,0,2,0.29288939957568766,0,1,1,1
0.566869300911854,0.4466737064413938,0.775219298245614,0.9604938271604936,0.5067715036766238,0.32854559180422016,0.8337677787886926,0.6109465023435039,0.5962541018662871,0.61415062150422,0,1,0.32854559180422016,0,1,0,1
0.3465045592705166,0.6166842661034847,0.7214912280701754,0.8111111111111111,0.48159441268700065,0.1048069619666907,0.8065245170404869,0.66908774708683,0.5615600178147256,0.5775531388402706,0,1,0.3749866687996588,1,0,0,1
0.5106382978723403,0.5491024287222808,0.6030701754385964,0.7271604938271605,0.5298703632973105,0.05396774671631566,0.9535678648669174,0.5760863020804385,0.5542703006777391,0.5591502881538248,0,0,0.09243187756625615,0,0,0,1
0.4893617021276595,0.5374868004223865,0.4331140350877192,1.0,0.513424251275023,-0.10437276533466733,0.9477609672165237,0.48530041775505284,0.4866541792125884,0.4813001648001014,0,2,0.10437276533466733,1,0,1,1
0.5075987841945286,0.5522703273495247,0.413377192982456,0.6950617283950618,0.5299345557720267,-0.13889313436706874,0.929095653879455,0.4828237601659904,0.49108210150883647,0.4833116106561984,0,1,0.13889313436706874,0,0,1,1
0.6276595744680851,0.6103484688489969,0.4769736842105262,0.3135802469135801,0.619004021658541,-0.13337478463847063,0.9175431980996244,0.5436610765297616,0.571660575842536,0.5621918866793351,0,1,0.15068589025755885,0,0,1,1
0.5091185410334347,0.4181626187961985,0.6907894736842105,0.5543209876543209,0.46364057991481655,0.272626854888012,0.8611939545226517,0.5544760462402045,0.5393568778379478,0.5545001374225742,0,1,0.272626854888012,0,1,0,1
0.5911854103343464,0.6895459345300949,0.394736842105263,0.8888888888888888,0.6403656724322206,-0.29480909242483194,0.8499004587750336,0.542141388317679,0.5584893956565681,0.5421141403014376,0,1,0.29480909242483194,0,0,1,1
0.4802431610942248,0.6821541710665259,0.6699561403508772,0.8506172839506174,0.5811986660803754,-0.012198030715648622,0.8867834947252171,0.6760551557087016,0.6107844908372093,0.616701655788576,0,1,0.20191100997230105,1,0,0,1
0.5212765957446808,0.6388595564941921,0.337719298245614,0.3666666666666666,0.5800680761194364,-0.30114025824857815,0.848230169191523,0.48828942736990305,0.49928515016149566,0.4831285649699074,0,1,0.30114025824857815,0,0,1,1
0.5835866261398175,0.6652587117212249,0.5427631578947368,0.574074074074074,0.6244226689305212,-0.12249555382648802,0.9376274020769378,0.6040109348079808,0.597202831918593,0.5917588645162075,0,0,0.12249555382648802,0,0,0,1
0.202127659574468,0.6240760295670539,0.6052631578947368,0.6098765432098765,0.41310184457076093,-0.018812871672317044,0.7616331325156218,0.6146695937308954,0.4771556156787529,0.4899663699003513,0,1,0.4219483699925859,1,0,0,1
0.4103343465045592,0.8996832101372756,1.0,0.662962962962963,0.6550087783209174,0.10031678986272441,0.684502680524013,0.9498416050686378,0.770005852213945,0.7930052669925505,0,1,0.5896656534954408,1,0,0,1
0.3829787234042552,0.5638859556494192,0.3114035087719298,0.4135802469135802,0.4734323395268372,-0.25248244687748944,0.8698732515266279,0.4376447322106745,0.41942272927520136,0.40862080722487426,0,2,0.25248244687748944,1,0,1,1
0.3510638297872339,0.529039070749736,0.8739035087719298,0.597530864197531,0.4400514502684849,0.3448644380221938,0.734178005384291,0.7014712897608328,0.5846688031029665,0.6135922736698629,0,1,0.5228396789846959,1,0,0,1
0.4179331306990881,0.4582893347412883,0.6129385964912281,0.5728395061728395,0.4381112327201882,0.15464926174993976,0.8970662437508905,0.5356139656162582,0.49638702064386814,0.5080421782286042,0,2,0.19500546579213995,1,1,0,1
0.7401215805471124,0.4139387539598733,0.6644736842105263,0.94320987654321,0.5770301672534929,0.25053493025065304,0.8292733218190103,0.5392062190851998,0.6061780062391707,0.6120075740363062,0,1,0.3261828265872391,0,1,0,1
0.3100303951367781,0.3801478352692714,0.6063596491228069,0.9530864197530864,0.34508911520302477,0.22621181385353556,0.8451348614086239,0.4932537421960391,0.4321792931762855,0.4495973287709376,0,2,0.29632925398602883,1,1,0,1
0.6443768996960484,0.4371700105596621,0.6710526315789473,0.7172839506172839,0.5407734551278552,0.23388262101928525,0.871971767441762,0.5541113210693047,0.5841998472782193,0.5928851257082921,0,1,0.23388262101928525,0,1,0,1
0.161094224924012,0.5659978880675818,0.5526315789473685,0.6567901234567901,0.3635460564957969,-0.013366309120213304,0.7699901689629369,0.5593147335074751,0.4265745639796541,0.4391802654764255,0,1,0.40490366314356974,1,0,0,1
0.4072948328267476,0.6304118268215416,0.8706140350877193,0.7876543209876543,0.5188533298241447,0.24020220826617766,0.7682879023986288,0.7505129309546305,0.6361068982453362,0.6595576119295745,0,1,0.4633192022609717,1,0,0,1
0.4984802431610942,0.5860612460401267,0.4934210526315788,0.5518518518518518,0.5422707446006104,-0.09264019340854784,0.9479131607971134,0.5397411493358527,0.5259875139442666,0.5227308678129978,0,2,0.09264019340854784,1,0,1,1
0.5744680851063828,0.4561774023231257,0.8070175438596492,0.4703703703703704,0.5153227437147543,0.3508401415365235,0.82150595653583,0.6315974730913875,0.6125543437630526,0.6320006637727122,0,1,0.3508401415365235,0,1,0,1
0.5972644376899696,0.720168954593453,0.4561403508771929,0.5209876543209877,0.6587166961417112,-0.2640286037162601,0.8678809679781292,0.588154652735323,0.5911912477202051,0.577686158035904,0,1,0.2640286037162601,0,0,1,1
0.6124620060790273,0.6948257655755015,0.5712719298245614,0.5962962962962963,0.6536438858272644,-0.12355383575094003,0.9370900622728385,0.6330488477000314,0.6261865671596968,0.6206951034261832,0,0,0.12355383575094003,0,0,0,1
0.4042553191489361,0.5522703273495247,0.3717105263157894,0.465432098765432,0.4782628232492304,-0.18055980103373537,0.9037629247270793,0.46199042683265706,0.4427453909380834,0.435641904475854,0,2,0.18055980103373537,1,0,1,1
0.384498480243161,0.4741288278775079,0.6732456140350878,0.7925925925925927,0.42931365406033445,0.19911678615757988,0.8522073518856965,0.5736872209562978,0.5106243073852522,0.5268864380502358,0,2,0.28874713379192674,1,1,0,1
0.6246200607902734,0.6642027455121436,0.8684210526315789,0.9333333333333332,0.6444114031512085,0.20421830711943523,0.8691624228828461,0.7663118990718613,0.719081286311332,0.7340152629433567,0,0,0.24380099184130544,0,0,0,1
0.4331306990881458,0.6071805702217529,0.5679824561403509,0.3617283950617283,0.5201556346549493,-0.03919811408140195,0.9086993554520463,0.5875815131810519,0.5360979084834164,0.53928636324911,0,1,0.1740498711336071,1,0,0,1
0.235562310030395,0.348468848996832,0.5449561403508771,0.7592592592592593,0.2920155795136135,0.19648729135404513,0.8434328235519929,0.44671249467385454,0.37632909979270135,0.39319180384851893,0,2,0.3093938303204822,1,1,0,0
0.2613981762917932,0.5670538542766631,0.362938596491228,0.6987654320987653,0.41422601528422814,-0.2041152577854351,0.8443300024199252,0.4649962253839456,0.39713020901989476,0.39371104776702803,0,2,0.3056556779848699,1,0,1,0
0.3009118541033434,0.6187961985216472,0.5383771929824561,0.837037037037037,0.45985402631249533,-0.08041900553919112,0.834718694318273,0.5785866957520517,0.4860284152024823,0.49126329298047966,0,1,0.3178843444183038,1,0,0,1
0.5592705167173251,0.4350580781414995,0.2686403508771929,0.7493827160493827,0.49716429742941226,-0.1664177272643066,0.8541750574941349,0.3518492145093462,0.42098964857867244,0.40575471880852454,0,2,0.2906301658401322,0,1,1,0
0.4939209726443769,0.6071805702217529,0.4035087719298245,0.3938271604938271,0.5505507714330649,-0.20367179829192839,0.8979507440000127,0.5053446710757887,0.5015367715986514,0.4917339716317687,0,2,0.20367179829192839,1,0,1,1
0.594224924012158,0.3474128827877508,0.6282894736842105,0.4419753086419752,0.47081890339995436,0.2808765908964597,0.8467201706293707,0.4878511782359807,0.5233090934947064,0.5338071315136568,0,1,0.2808765908964597,0,1,0,1
0.390577507598784,0.788806758183738,0.8432017543859649,0.7604938271604937,0.589692132891261,0.054394996202226875,0.7528785519854131,0.8160042562848515,0.6741953400561623,0.6910959814891425,0,1,0.4526242467871809,1,0,0,1
0.4969604863221883,0.7750791974656811,1.0,1.0,0.6360198418939347,0.2249208025343189,0.748011859663327,0.8875395987328405,0.7573465612626231,0.7816119051363608,0,1,0.5030395136778116,1,0,0,1
0.5820668693009117,0.5374868004223865,0.4671052631578946,0.2061728395061728,0.5597768348616491,-0.07038153726449192,0.9420386418724951,0.5022960317901406,0.5288863109603975,0.5227082061801472,1,1,0.11496160614301709,0,0,1,1
0.4118541033434649,0.6356916578669483,0.8662280701754386,0.8382716049382717,0.5237728806052065,0.2305364123084903,0.7728047866005436,0.7509598640211934,0.6379246104619506,0.6607549564332994,0,1,0.4543739668319737,1,0,0,1
0.5516717325227962,0.1964097148891235,0.6315789473684211,1.0,0.37404072370595987,0.4351692324792976,0.7683506511074141,0.4139943311287723,0.4598867982601136,0.47705601317094437,0,1,0.4351692324792976,0,1,0,1
0.3480243161094224,0.3949313621964097,0.5537280701754386,0.7148148148148148,0.37147783915291605,0.1587967079790289,0.892195624799334,0.4743297161859241,0.4322279161604235,0.44437793156192507,0,2,0.20570375406601615,1,1,0,1
0.4012158054711245,0.5311510031678986,0.6688596491228069,0.8888888888888888,0.46618340431951155,0.13770864595490828,0.8661592651594937,0.6000053261453528,0.5337421525872766,0.5472539022408298,0,1,0.2676438436516824,1,0,0,1
0.3981762917933129,0.4076029567053854,0.5953947368421053,0.5790123456790124,0.40288962424934915,0.18779178013671993,0.8887572251291901,0.5014988467737453,0.4670579951136012,0.47989166928645155,0,2,0.19721844504879243,1,1,0,1
0.2492401215805471,0.6906019007391764,0.6052631578947368,0.7234567901234568,0.46992101115986173,-0.08533874284443954,0.7658934275738523,0.6479325293169567,0.5150350600714867,0.5240578698538118,0,1,0.4413617791586293,1,0,0,1
0.5562310030395137,0.8944033790918691,0.5032894736842105,0.3530864197530864,0.7253171910656914,-0.39111390540765856,0.7878155486144955,0.6988464263880398,0.6513079519385311,0.636506104113099,0,0,0.39111390540765856,0,0,0,1
0.3829787234042552,0.3917634635691658,0.307017543859649,0.1740740740740741,0.3873710934867105,-0.08474591970951678,0.9534003874032828,0.3493905037144074,0.36058657694435664,0.35522967363588587,1,3,0.08474591970951678,1,1,1,0
0.4696048632218843,0.4445617740232312,0.2785087719298245,0.9864197530864198,0.4570833186225578,-0.16605300209340673,0.8961423474750593,0.3615352729765279,0.39755846972498005,0.38565349994546444,0,3,0.19109609129205984,1,1,1,0
0.5562310030395137,0.614572333685322,0.712719298245614,0.5098765432098764,0.5854016683624179,0.09814696456029193,0.9209165798555787,0.663645815965468,0.6278408783234832,0.6363287203156963,0,0,0.1564882952061003,0,0,0,1
0.5501519756838906,0.8331573389651531,0.5285087719298246,0.6407407407407408,0.6916546573245219,-0.3046485670353285,0.8300141117075801,0.6808330554474888,0.6372726955262894,0.626396303166643,0,0,0.3046485670353285,0,0,0,1
0.5896656534954408,0.3843717001055967,0.4660087719298244,0.411111111111111,0.4870186768005187,0.08163707182422769,0.8966387861647332,0.42519023601771055,0.480015375176954,0.47861471485224105,0,2,0.20529395338984407,0,1,1,1
0.4498480243161092,0.6166842661034847,0.5855263157894737,0.4049382716049381,0.533266145209797,-0.03115795031401103,0.9112928523937358,0.6011052909464791,0.5506862020696892,0.5541702134416677,0,1,0.1668362417873755,1,0,0,1
0.390577507598784,0.8658922914466737,0.7401315789473684,0.7098765432098766,0.6282348995227288,-0.12576071249930532,0.753718335589421,0.8030119351970211,0.6655337926642754,0.6729935712925846,0,1,0.47531478384788967,1,0,0,1
0.4528875379939209,0.3157338965153115,0.618421052631579,0.5728395061728395,0.3843107172546162,0.3026871561162675,0.848434843319838,0.46707747457344523,0.4623474957136038,0.4779548514054013,0,2,0.3026871561162675,1,1,0,1
0.161094224924012,0.3748680042238648,0.4539473684210526,0.8469135802469134,0.2679811145739384,0.07907936419718781,0.8484987688641487,0.4144076863224587,0.3299698658563098,0.3423676161127841,0,3,0.2928531434970406,1,1,1,0
0.2036474164133738,0.5100316789862724,0.825657894736842,0.865432098765432,0.3568395476998231,0.3156262157505696,0.6889833178199938,0.6678447868615572,0.5131123300454962,0.5443668865146307,0,1,0.6220104783234682,1,0,0,1
0.2264437689969604,0.4952481520591341,0.8947368421052632,0.8320987654320988,0.36084596052804724,0.3994886900461291,0.6637306036839046,0.6949924970821986,0.5388095877204525,0.5744023131589335,0,2,0.6682930731083028,1,1,0,1
0.2857142857142856,0.706441393875396,0.680921052631579,0.8123456790123456,0.49607783979484077,-0.02552034124381697,0.7641147962899356,0.6936812232534875,0.5576922440737535,0.570015124929536,0,1,0.42072710816111036,1,0,0,1
0.5410334346504557,0.6156282998944034,0.775219298245614,1.0,0.5783308672724295,0.1595909983512106,0.880363955136625,0.6954237990700087,0.643960344263491,0.6570862396617034,0,0,0.23418586359515825,0,0,0,1
0.3024316109422491,0.2967265047518479,0.8289473684210527,0.4888888888888889,0.2995790578470485,0.5322208636692047,0.6943557517758823,0.5628369365864503,0.4760351613717166,0.5113263820766502,0,2,0.5322208636692047,1,1,0,1
0.3996960486322187,0.658922914466737,0.8059210526315789,0.7395061728395063,0.5293094815494779,0.14699813816484186,0.7943199189401992,0.7324219835491579,0.6215133385768449,0.6399541099823183,0,1,0.4062250039993602,1,0,0,1
0.7051671732522795,0.4857444561774023,0.7050438596491228,1.0,0.5954558147148409,0.21929940347172044,0.8733518177931356,0.5953941579132626,0.6319851630262682,0.6392910326885537,0,1,0.2194227170748772,0,1,0,1
0.4027355623100304,0.7793030623020062,0.7017543859649122,1.0,0.5910193123060183,-0.07754867633709395,0.8011578783088656,0.7405287241334593,0.6279310035256497,0.6353133417695759,0,1,0.3765674999919758,1,0,0,1
0.6033434650455927,0.4783526927138331,0.6864035087719299,0.4024691358024692,0.5408480788797129,0.20805081605809678,0.8952727303147593,0.5823781007428815,0.5893665555104519,0.5990702508365997,0,1,0.20805081605809678,0,1,0,1
0.2978723404255318,0.4772967265047519,0.3662280701754385,0.6765432098765432,0.3875845334651419,-0.1110686563293134,0.9094444346194499,0.4217623983400952,0.3804657123685741,0.3790419481492605,0,3,0.17942438607922012,1,1,1,0
0.4300911854103343,0.6631467793030622,0.7214912280701754,1.0,0.5466189823566983,0.0583444487671132,0.8458177650696058,0.6923190036866188,0.6049097309278574,0.6165678806420891,0,1,0.2914000426598411,1,0,0,1
0.2948328267477202,0.6979936642027456,0.3157894736842105,0.8790123456790124,0.4964132454752329,-0.38220419051853505,0.7730426305969237,0.5068915689434781,0.43620532154489206,0.42416373675882396,0,2,0.40316083745502534,1,0,1,1
0.4057750759878418,0.648363252375924,0.4265350877192982,0.8012345679012347,0.5270691641818829,-0.22182816465662575,0.8655333151264395,0.5374491700476111,0.4935578053610213,0.48685553359684897,0,2,0.24258817638808217,1,0,1,1
0.6215805471124618,0.310454065469905,0.8410087719298246,0.6987654320987653,0.46601730629118343,0.5305547064599196,0.7334051982338031,0.5757314186998648,0.5910144615040638,0.6160138925466399,0,1,0.5305547064599196,0,1,0,1
0.1534954407294831,0.6631467793030622,0.7489035087719298,0.6580246913580245,0.40832111001627264,0.08575672946886759,0.6781280091275734,0.706025144037496,0.5218485762681584,0.5445540695185355,0,1,0.5954080680424467,1,0,0,1
0.547112462006079,0.4139387539598733,0.8771929824561403,0.8246913580246913,0.48052560798297617,0.463254228496267,0.7615002212736768,0.6455658682080068,0.6127480661406975,0.6391925577722418,0,1,0.463254228496267,0,1,0,1
0.5121580547112463,0.614572333685322,0.5296052631578948,0.691358024691358,0.5633651941982842,-0.08496707052742725,0.9452087405170414,0.5720887984216084,0.5521118838514877,0.5498612217821285,0,0,0.10241427897407573,0,0,0,1
0.3601823708206686,0.351636747624076,0.3563596491228069,0.7419753086419751,0.35590955922237233,0.0047229014987308915,0.9957192937583431,0.35399819837344143,0.35605958918918384,0.3560895951825461,0,3,0.008545623196592633,1,1,1,0
0.2036474164133738,0.648363252375924,0.5361842105263158,0.7728395061728395,0.4260053343946489,-0.11217904184960814,0.7687220173236403,0.59227373145112,0.4627316264385379,0.4700768848473157,0,1,0.44471583596255015,1,0,0,1
0.4817629179331306,0.4498416050686378,0.6030701754385964,0.5851851851851853,0.4658022615008842,0.15322857036995863,0.9191571321264603,0.5264558902536172,0.511558232813455,0.5207094270759691,0,2,0.15322857036995863,1,1,0,1
0.3708206686930091,0.3748680042238648,0.5986842105263158,0.8839506172839506,0.37284433645843695,0.22381620630245103,0.8695955849256247,0.4867761073750903,0.4481242944810632,0.4631802860855885,0,2,0.2278635418333067,1,1,0,1
0.5106382978723403,0.6906019007391764,0.8070175438596492,1.0,0.6006200993057583,0.11641564312047281,0.8506792279620976,0.7488097222994128,0.6694192474903886,0.6831790771273147,0,0,0.2963792459873089,0,0,0,1
0.4726443768996959,0.6156282998944034,0.5120614035087719,0.3148148148148148,0.5441363383970497,-0.10356689638563144,0.9261485655199021,0.5638448517015877,0.5334446934342904,0.5313063644417386,0,1,0.14298392299470747,1,0,0,1
0.7598784194528876,0.4804646251319958,0.6524122807017544,0.8333333333333333,0.6201715222924417,0.1719476555697586,0.8590585016807731,0.5664384529168751,0.6309184417622126,0.6330678256561668,0,1,0.2794137943208918,0,1,0,1
0.4240121580547111,0.8078141499472016,0.3881578947368421,0.565432098765432,0.6159131540009564,-0.4196562552103595,0.7673697964164682,0.5979860223420218,0.5399947342462516,0.5248110502953106,0,2,0.4196562552103595,1,0,1,1
0.2811550151975683,0.5079197465681098,0.6721491228070174,0.8950617283950617,0.3945373808828391,0.16422937623890765,0.8036712265956736,0.5900344346875637,0.4870746281908985,0.5055820776525104,0,1,0.39099410760944914,1,0,0,1
0.5015197568389058,0.5828933474128828,0.5844298245614035,0.7641975308641975,0.5422065521258943,0.0015364771485206763,0.9525691708297259,0.5836615859871431,0.556280976271064,0.559095861100098,0,0,0.08291006772249765,0,0,0,1
0.5075987841945286,0.6198521647307286,0.4353070175438596,0.9407407407407408,0.5637254744626286,-0.18454514718686899,0.9070091112729292,0.527579591137294,0.5209193221563723,0.5123580916951209,0,1,0.18454514718686899,0,0,1,1
0.71580547112462,0.4794086589229144,0.5372807017543859,1.0,0.5976070650237673,0.057872042831471515,0.8767768153313459,0.5083446803386502,0.5774982772673068,0.5734765197160147,0,1,0.2363968122017056,0,1,0,1
0.6200607902735562,0.6525871172122492,0.5471491228070176,0.8,0.6363239537429026,-0.1054379944052316,0.9460073402194467,0.5998681200096334,0.6065990100976076,0.6006540213685486,0,0,0.1054379944052316,0,0,0,1
0.5334346504559269,0.4931362196409715,0.5296052631578948,1.0,0.5132854350484491,0.036469043516923316,0.9777565782448484,0.5113707413994332,0.5187253777515978,0.5198133662922274,0,1,0.04029843081495538,0,1,0,1
0.735562310030395,0.512143611404435,0.9331140350877192,0.1740740740740741,0.623852960717415,0.4209704236832842,0.789382377840423,0.7226288232460771,0.7269399855075164,0.7475573904655367,1,0,0.4209704236832842,0,0,0,1
0.2507598784194528,0.7930306230200633,0.5635964912280702,1.0,0.5218952507197581,-0.22943413179199312,0.7277977689307651,0.6783135571240668,0.5357956642225288,0.538575746923083,0,1,0.5422707446006105,1,0,0,1
0.3510638297872339,0.4128827877507919,0.5350877192982456,0.845679012345679,0.3819733087690129,0.12220493154745371,0.9063513474300715,0.47398525352451876,0.43301144561209054,0.44321907298070595,0,2,0.18402388951101173,1,1,0,1
0.2993920972644376,0.1953537486800422,0.168859649122807,1.0,0.2473729229722399,-0.026494099557235223,0.9310016482016124,0.1821066989014246,0.22120183168909557,0.21596761343246673,0,3,0.13053244814163062,1,1,1,0
0.3966565349544072,0.8331573389651531,0.406798245614035,0.4518518518518519,0.6149069369597802,-0.4263590933511181,0.7508621925251279,0.619977792289594,0.5455373731778651,0.5316634604214822,0,2,0.43650080401074587,1,0,1,1
0.2173252279635257,0.9809926082365364,0.5317982456140351,0.548148148148148,0.5991589181000311,-0.44919436262250134,0.6161908629854556,0.7563954269252857,0.5767053606046991,0.5722146491056327,0,1,0.7636673802730107,1,0,0,1
0.5835866261398175,0.5131995776135163,0.4484649122807017,0.788888888888889,0.5483931018766669,-0.06473466533281463,0.9324194418339364,0.48083224494710897,0.5150837053446785,0.5084218260382808,0,1,0.1351217138591158,0,0,1,1
0.4270516717325227,0.2703273495248152,0.856359649122807,0.7493827160493827,0.34868951062866893,0.5860322995979919,0.6966021015249357,0.5633434993238111,0.5179128901267149,0.5517575660263241,0,2,0.5860322995979919,1,1,0,1
0.2006079027355621,0.5279831045406547,0.5504385964912281,0.8234567901234568,0.36429550363810836,0.022455491950573392,0.8041853401090554,0.5392108505159414,0.426343201255815,0.4387527407793563,0,1,0.349830693755666,1,0,0,1
0.282674772036474,0.5322069693769799,0.8377192982456141,1.0,0.40744087070672697,0.3055123288686342,0.7220076359936463,0.6849631338112969,0.5508670132196893,0.5795522417222818,0,1,0.5550445262091401,1,0,0,1
0.525835866261398,0.5480464625131996,0.5953947368421053,0.3172839506172839,0.5369411643872988,0.04734827432890576,0.9644715931864621,0.5717205996776524,0.556425688538901,0.5603225933692213,0,0,0.06955887058070731,0,0,0,1
0.6215805471124618,0.4012671594508975,0.5910087719298246,0.9938271604938272,0.5114238532816797,0.18974161247892707,0.88064443754979,0.49613796569036106,0.537952159497728,0.5432578207409376,0,1,0.22031338766156427,0,1,0,1
0.8328267477203646,0.6694825765575502,0.5657894736842105,0.7555555555555555,0.7511546621389573,-0.10369310287333966,0.8653755324609552,0.6176360251208803,0.689366265987375,0.6770085867570587,0,0,0.26703727403615407,0,0,0,1
1.0,0.6610348468848997,0.5844298245614035,0.7024691358024691,0.8305174234424498,-0.0766050223234962,0.7788423355817572,0.6227323357231516,0.7484882238154343,0.7320823838900313,0,0,0.41557017543859653,0,0,0,1
0.5440729483282674,0.3410770855332629,0.9221491228070176,0.3901234567901234,0.4425750169307651,0.5810720372737547,0.7051006876571129,0.6316131041701403,0.6024330522228493,0.6344046592812662,0,1,0.5810720372737547,0,1,0,1
0.2872340425531914,0.6884899683210137,0.1249999999999999,0.8777777777777778,0.48786200543710256,-0.5634899683210138,0.709928989462534,0.4067449841605068,0.366908003624735,0.3427172032622615,0,2,0.5634899683210138,1,0,1,0
0.0790273556231001,0.9028511087645196,0.1885964912280701,0.1567901234567901,0.49093923219380986,-0.7142546175364495,0.5526279269650793,0.5457237999962948,0.39015831853856325,0.3700021358075139,1,2,0.8238237531414194,1,0,1,0
0.5167173252279635,0.6050686378035902,0.475877192982456,0.9135802469135804,0.5608929815157768,-0.1291914448211342,0.9339642770279616,0.5404729153930231,0.5325543853380031,0.5268866661024485,0,1,0.1291914448211342,0,0,1,1
0.3191489361702128,0.5237592397043294,0.5866228070175439,0.3851851851851852,0.42145408793727107,0.06286356731321452,0.8601432423312331,0.5551910233609366,0.4765103276306954,0.4875215755693802,0,1,0.2674738708473311,1,0,0,1
0.3920972644376899,0.5554382259767687,0.7192982456140351,0.7666666666666666,0.4737677452072293,0.16386001963726637,0.836399440794151,0.6373682357954019,0.5556112453428312,0.5719799453699517,0,1,0.3272009811763452,1,0,0,1
0.3571428571428571,0.6747624076029567,0.6765350877192983,0.7234567901234568,0.5159526323729069,0.001772680116341574,0.8161084023208849,0.6756487476611275,0.5694801174883707,0.5801856145114634,0,1,0.31939223057644117,1,0,0,1
0.4422492401215804,0.3030623020063358,0.5076754385964912,1.0,0.3726557710639581,0.2046131365901554,0.8955010950184669,0.40536887030141355,0.4176623269081358,0.4266636380769714,0,2,0.2046131365901554,1,1,0,1
0.6626139817629177,0.6040126715945089,0.7839912280701754,0.7086419753086419,0.6333133266787133,0.17997855647566652,0.908204184676305,0.6940019498323422,0.6835392938092006,0.6935844872352982,0,0,0.17997855647566652,0,0,0,1
0.4969604863221883,0.515311510031679,0.7861842105263158,0.5814814814814815,0.5061359981769337,0.27087270049463685,0.838053947981152,0.6507478602789973,0.5994854022933943,0.6181552831166865,0,1,0.2892237242041275,1,0,0,1
0.439209726443769,0.8701161562829989,0.6195175438596491,0.6283950617283951,0.654662941363384,-0.2505986124233498,0.7835933901014968,0.7448168500713239,0.642947808862139,0.6406047823618899,0,1,0.4309064298392299,1,0,0,1
0.2796352583586625,0.5501583949313621,0.7730263157894737,1.0,0.41489682664501226,0.22286792085811158,0.7529211957284873,0.6615923553604179,0.5342733230264994,0.5581486223027969,0,1,0.4933910574308112,1,0,0,1
0.1626139817629178,0.8416050686378036,0.6370614035087719,0.8851851851851853,0.5021095252003607,-0.20454366512903166,0.6516784620016431,0.7393332360732878,0.5470934846364978,0.5560902765237252,0,1,0.6789910868748859,1,0,0,1
0.3799392097264437,0.4023231256599788,0.4725877192982455,0.6580246913580245,0.3911311676932112,0.0702645936382667,0.951657646006932,0.4374554224791122,0.418283351561556,0.423713788335225,0,3,0.09264850957180182,1,1,1,1
0.458966565349544,0.6705385427666314,0.7214912280701754,0.6950617283950618,0.5647525540580877,0.05095268530354402,0.8607890831002589,0.6960148854184034,0.6169987787287835,0.6274480236629227,0,1,0.2625246627206314,1,0,0,1
0.790273556231003,0.628299894403379,0.6052631578947368,0.3666666666666666,0.7092867253171911,-0.02303673650864213,0.8991742378759592,0.6167815261490579,0.6746122028430396,0.6676772983482093,0,0,0.1850103983362662,0,0,0,1
0.4924012158054709,0.440337909186906,0.5833333333333334,0.8493827160493828,0.46636956249618844,0.14299542414642735,0.9276272044423501,0.5118356212601197,0.50535748610857,0.5131550708310465,0,2,0.14299542414642735,1,1,0,1
0.64741641337386,0.6061246040126715,0.8739035087719298,0.3185185185185185,0.6267705086932658,0.26777890475925825,0.8558317188512888,0.7400140563923007,0.7091481753861538,0.7256237087247315,0,0,0.26777890475925825,0,0,0,1
0.3768996960486321,0.7697993664202746,0.0997807017543859,0.9382716049382716,0.5733495312344533,-0.6700186646658887,0.6633275333063651,0.43479003408733025,0.4154932547410975,0.38392199944242633,0,2,0.6700186646658887,1,0,1,0
0.2522796352583585,0.525871172122492,0.3037280701754385,0.7851851851851852,0.38907540369042526,-0.2221431019470535,0.8546000755148324,0.4147996211489653,0.36062629251876305,0.35493647028443054,0,2,0.2735915368641335,1,0,1,0
0.2917933130699087,0.3093980992608237,0.3486842105263157,1.0,0.3005957061653662,0.03928611126549203,0.970874120189003,0.32904115489356967,0.316625207619016,0.319831107909746,0,3,0.05689089745640702,1,1,1,0
0.3358662613981762,0.5744456177402323,0.5120614035087719,0.4814814814814814,0.45515593956920425,-0.062384214231460344,0.8762686865548044,0.5432535106245021,0.47412442754906015,0.47791812514503135,0,1,0.23857935634205607,1,0,0,1
0.8556231003039514,0.4350580781414995,0.5328947368421052,0.7271604938271605,0.6453405892227254,0.0978366587006057,0.7799240486275386,0.4839764074918024,0.6078586384291853,0.6003622482704773,0,1,0.4205650221624519,0,1,0,1
0.3176291793313069,0.5237592397043294,0.2861842105263157,1.0,0.4206942095178181,-0.23757502917801365,0.8709520229130093,0.40497172511532253,0.3758575431873173,0.3668902099212172,0,2,0.23757502917801365,1,0,1,0
0.6215805471124618,0.5649419218585005,0.3892543859649122,1.0,0.5932612344854811,-0.17568753589358826,0.8788599369238396,0.4770981539117063,0.5252589516452915,0.5116584950772536,0,1,0.23232616114754961,0,0,1,1
0.3039513677811549,0.307286166842661,0.413377192982456,0.5814814814814815,0.30561876731190796,0.10609102613979499,0.9377633040546536,0.36033167991255854,0.3415382425354239,0.34872213758012716,0,3,0.10942582520130112,1,1,1,0
0.6382978723404256,0.3220696937697993,1.0,0.808641975308642,0.48018378305511245,0.6779303062302007,0.660780751779194,0.6610348468848997,0.653455855370075,0.6881102698330674,0,1,0.6779303062302007,0,1,0,1
0.5379939209726443,0.6536430834213305,0.9385964912280704,0.7530864197530864,0.5958185021969874,0.28495340780673994,0.7938222479303314,0.7961197873247005,0.7100778318740151,0.7329296978094206,0,0,0.4006025702554261,0,0,0,1
0.439209726443769,0.4952481520591341,0.5021929824561404,0.8222222222222222,0.46722893925145154,0.00694483039700633,0.965466377850439,0.49872056725763725,0.4788836203196811,0.4812145565333271,0,2,0.06298325601237142,1,1,0,1
0.4604863221884497,0.1710665258711721,0.5120614035087719,0.5802469135802468,0.3157764240298109,0.34099487763759984,0.8161969740507455,0.341563964689972,0.38120475052279784,0.39429041582139535,0,2,0.34099487763759984,1,1,0,0
0.3480243161094224,0.7022175290390706,0.3563596491228069,0.7308641975308643,0.5251209225742466,-0.34585787991626377,0.7978696860265455,0.5292885890809388,0.46886716475710005,0.45761641319367063,0,2,0.3541932129296482,1,0,1,1
0.5501519756838906,0.6209081309398098,0.2072368421052631,0.3580246913580246,0.5855300533118502,-0.4136712888345467,0.7787455621726114,0.4140724865225365,0.4594323162429878,0.43421276882921533,0,1,0.4136712888345467,0,0,1,1
0.384498480243161,0.4646251319957761,0.5603070175438596,0.7864197530864199,0.4245618061194686,0.09568188554808349,0.911981114402521,0.5124660747698179,0.4698102099275989,0.47885989068922497,0,2,0.17580853730069856,1,1,0,1
0.2446808510638296,0.368532206969377,0.3859649122807017,0.8641975308641976,0.3066065290166033,0.01743270531132468,0.922967275862736,0.37724855962503934,0.33305932343796946,0.33834988232224267,0,3,0.14128406121687206,1,1,1,0
0.235562310030395,0.7096092925026398,0.5668859649122807,0.6975308641975309,0.4725858012665174,-0.1427233275903591,0.7568039699769626,0.6382476287074603,0.5040191891484386,0.5103058667248227,0,1,0.47404698247224486,1,0,0,1
0.4999999999999998,0.6325237592397043,0.2675438596491228,0.354320987654321,0.566261879619852,-0.36497989959058147,0.8152439757161711,0.4500338094444135,0.4666892062962756,0.44677467163156037,0,2,0.36497989959058147,1,0,1,1
0.7553191489361701,0.9545934530095036,0.4331140350877192,0.9975308641975308,0.8549563009728369,-0.5214794179217844,0.7368564501487045,0.6938537440486114,0.7143422123444644,0.6862193946187897,0,1,0.5214794179217844,0,0,1,1
0.4969604863221883,0.6441393875395987,0.6129385964912281,0.8432098765432099,0.5705499369308935,-0.03120079104837059,0.9224478236239302,0.6285389920154134,0.5846794901176717,0.5875054007550273,0,1,0.14717890121741034,1,0,0,1
0.4468085106382978,0.6388595564941921,0.6557017543859649,0.574074074074074,0.5428340335662449,0.01684219789177277,0.8839514102285952,0.6472806554400785,0.5804566071728182,0.5879811218941329,0,1,0.2088932437476671,1,0,0,1
0.5197568389057752,0.5512143611404434,0.6655701754385965,0.6839506172839507,0.5354856000231093,0.11435581429815311,0.9232663078348542,0.60839226828952,0.5788471251616051,0.5875194301893043,0,0,0.14581333653282136,0,0,0,1
0.7066869300911853,0.7074973600844773,0.3223684210526316,0.382716049382716,0.7070921450878314,-0.3851289390318457,0.777879284747315,0.5149328905685544,0.5788509037427648,0.5532026554737515,0,1,0.3851289390318457,0,0,1,1
0.5075987841945286,0.6768743400211193,0.7521929824561404,0.4999999999999999,0.592236562107824,0.07531864243502107,0.8747313330464634,0.7145336612386299,0.6455553688905962,0.6562191302471505,0,0,0.24459419826161177,0,0,0,1
0.3936170212765957,0.7761351636747623,0.425438596491228,0.6197530864197531,0.5848760924756791,-0.3506965671835343,0.7877419714328808,0.6007868800829952,0.531730260480862,0.5211010940818985,0,2,0.3825181423981666,1,0,1,1
0.6702127659574466,0.4952481520591341,0.7083333333333334,1.0,0.5827304590082903,0.2130851812741993,0.8863696869578783,0.6017907426962337,0.6245980837833046,0.6329716087383075,0,1,0.2130851812741993,0,1,0,1
0.5455927051671732,0.5089757127771911,0.581140350877193,0.5950617283950617,0.5272842089721821,0.07216463810000184,0.9639163604955623,0.545058031827192,0.5452362562738524,0.5488266657341865,0,0,0.07216463810000184,0,0,0,1
0.7477203647416413,0.5015839493136219,0.3114035087719298,0.911111111111111,0.6246521570276315,-0.19018044054169214,0.7812443776845646,0.40649372904277586,0.5202359409423977,0.4993526977253509,0,1,0.4363168559697115,0,0,1,1
0.5015197568389058,0.7032734952481521,0.5208333333333333,0.6197530864197531,0.602396626043529,-0.18244016191481882,0.8886731554695679,0.6120534142907427,0.5752088618067971,0.5697713089594507,0,0,0.20175373840924626,0,0,0,1
0.2446808510638296,0.8152059134107709,0.6557017543859649,0.8148148148148149,0.5299433822373002,-0.15950415902480597,0.7056423359018443,0.7354538338983678,0.5718628396201885,0.580246731096766,0,1,0.5705250623469412,1,0,0,1
0.2188449848024315,0.5047518479408659,0.7039473684210527,0.7185185185185186,0.3617984163716487,0.19919552048018674,0.7561606019113195,0.6043496081809593,0.4758480670547834,0.4986579971914103,0,1,0.4851023836186211,1,0,0,1
0.768996960486322,0.5100316789862724,0.555921052631579,0.969135802469136,0.6395143197362972,0.04588937364530654,0.861815223858245,0.5329763658089257,0.6116498973680579,0.60607701289441,0,0,0.2589652815000496,0,0,0,1
0.7826747720364742,0.6272439281942978,0.8859649122807016,0.6209876543209876,0.7049593501153859,0.25872098408640387,0.8697667810581081,0.7566044202374997,0.7652945375038245,0.7773615749815123,0,0,0.25872098408640387,0,0,0,1
0.4346504559270515,0.5385427666314677,0.781798245614035,0.3641975308641975,0.48659661127925957,0.24325547898256727,0.8218247921459052,0.6601705061227514,0.584997156057518,0.6046772650131698,0,1,0.3471477896869835,1,0,0,1
0.3981762917933129,0.7286166842661034,0.5328947368421052,0.4123456790123456,0.5633964880297081,-0.19572194742399818,0.8338439523031744,0.6307557105541043,0.5532292376338405,0.5511957875546669,0,1,0.3304403924727905,1,0,0,1
0.7340425531914894,0.2206969376979936,0.731359649122807,0.6222222222222222,0.4773697454447415,0.5106627114248135,0.7043912146771288,0.4760282934104003,0.5620330466707634,0.5789657069159677,0,1,0.5133456154934958,0,1,0,1
0.2659574468085106,0.4466737064413938,0.9649122807017544,0.4444444444444443,0.35631557662495217,0.5182385742603606,0.637194394068981,0.7057929935715741,0.5591811446505529,0.5997542582556731,0,2,0.6989548338932439,1,1,0,1
0.3054711246200606,0.454065469904963,0.9703947368421052,0.854320987654321,0.3797682972625118,0.5163292669371422,0.6510015278359833,0.7122301033735341,0.5766437771223764,0.6160188730943492,0,2,0.6649236122220445,1,1,0,1
0.5851063829787233,0.2101372756071806,0.3410087719298245,0.6382716049382715,0.397621829292952,0.1308714963226439,0.8096876148046241,0.27557302376850257,0.3787508101719095,0.37497660634770097,0,2,0.3749691073715427,0,1,1,0
0.3966565349544072,0.4244984160506864,0.400219298245614,1.0,0.4105774755025468,-0.024279117805072414,0.9848488769027887,0.4123588571481502,0.4071247497502359,0.4064342045997737,0,3,0.027841881096279164,1,1,1,0
0.4665653495440729,0.4329461457233368,0.8760964912280702,0.3234567901234568,0.44975574763370485,0.4431503455047334,0.7532787552737897,0.6545213184757035,0.5918693288318266,0.6202920450714511,0,2,0.4431503455047334,1,1,0,1
0.4376899696048631,0.5459345300950369,0.3749999999999999,0.8037037037037036,0.49181224984995,-0.170934530095037,0.9135269495318719,0.4604672650475184,0.45287483323329997,0.44508734990996995,0,2,0.170934530095037,1,0,1,1
0.5303951367781155,0.7539598732840549,0.3223684210526316,0.474074074074074,0.6421775050310852,-0.4315914522314233,0.7841576626702836,0.5381641471683433,0.5355744770382673,0.5142538714397038,0,1,0.4315914522314233,0,0,1,1
0.7249240121580547,0.5385427666314677,0.4868421052631579,0.6308641975308642,0.6317333893947612,-0.05170066136830981,0.874770928920456,0.5126924359473128,0.5834362946842268,0.5737768757421199,0,1,0.23808190689489678,0,0,1,1
0.484802431610942,0.4139387539598733,0.6666666666666666,0.7876543209876543,0.44937059278540764,0.25272791270679335,0.8696366240952039,0.5403027103132699,0.521802617412494,0.5362890223379113,0,2,0.25272791270679335,1,1,0,1
0.5851063829787233,0.5681098204857444,0.5635964912280702,0.1790123456790123,0.5766081017322339,-0.004513329257674226,0.9886573906537434,0.5658531558569073,0.572270898230846,0.5714034575305684,1,0,0.0215098917506531,0,0,0,1
0.0942249240121579,0.7434002111932418,0.4550438596491227,0.8111111111111111,0.41881256760269986,-0.28835635154411915,0.6747390167684134,0.5992220354211822,0.4308896649515075,0.433305084421269,0,2,0.649175287181084,1,0,1,1
0.458966565349544,0.423442449841605,0.4506578947368421,1.0,0.4412045075955745,0.027215444895237084,0.9814183009800079,0.43705017228922355,0.4443556366426637,0.44498586245208155,0,3,0.03552411550793899,1,1,1,1
0.3145896656534953,0.4329461457233368,0.4429824561403508,0.6407407407407408,0.373767905688416,0.010036310417014027,0.9285930762573742,0.4379643009318438,0.3968394225057276,0.40145372586919,0,3,0.12839279048685553,1,1,1,1
0.2462006079027354,0.6663146779303063,0.4100877192982455,0.817283950617284,0.4562576429165208,-0.2562269586320608,0.7882583840909985,0.5382011986142758,0.44086766837709573,0.4377896734692107,0,2,0.4201140700275709,1,0,1,1
0.3085106382978723,0.542766631467793,1.0,1.0,0.42563863488283266,0.457233368532207,0.6483145911038884,0.7713833157338965,0.6170924232552218,0.6553831809296996,0,1,0.6914893617021277,1,0,0,1
0.4072948328267476,0.6800422386483632,0.6425438596491229,0.7123456790123457,0.5436685357375555,-0.037498378999240356,0.8521603456269449,0.661293049148743,0.5766269770414113,0.5832186653021824,0,1,0.2727474058216156,1,0,0,1
0.6352583586626139,0.5755015839493135,0.7587719298245614,0.6098765432098765,0.6053799713059638,0.18327034587524793,0.9065347711155403,0.6671367568869375,0.6565106241454963,0.6667367547134029,0,0,0.18327034587524793,0,0,0,1
0.2264437689969604,0.6884899683210137,0.4868421052631579,0.191358024691358,0.45746686865898706,-0.20164786305785581,0.7683552128380589,0.5876660367920858,0.4672586141937107,0.46921696330065543,1,2,0.46204619932405333,1,0,1,1
0.4741641337386019,0.4139387539598733,0.5471491228070176,0.911111111111111,0.44405144384923756,0.13321036884714427,0.9332930446315115,0.48054393838344545,0.47841733683516424,0.4852905154323496,0,2,0.13321036884714427,1,1,0,1
0.3799392097264437,0.5755015839493135,0.4429824561403508,0.7246913580246914,0.4777203968378786,-0.1325191278089627,0.9001831574287698,0.5092420200448322,0.466141083272036,0.4638252205588675,0,2,0.19556237422286982,1,0,1,1
0.4088145896656534,0.5438225976768742,0.0603070175438596,0.5024691358024691,0.47631859367126383,-0.48351558013301466,0.7505098511347756,0.3020648076103669,0.3376480682954624,0.3099139632203021,0,2,0.48351558013301466,1,0,1,0
0.6504559270516717,0.3854276663146779,0.3114035087719298,0.7839506172839505,0.5179417966831747,-0.0740241575427481,0.8217323654209162,0.3484155875433038,0.4490957007127598,0.43532648151867676,0,2,0.33905241827974186,0,1,1,1
0.566869300911854,0.3294614572333685,0.225877192982456,0.6086419753086418,0.4481653790726112,-0.1035842642509125,0.8251820939231314,0.27766932510791226,0.37406931704255947,0.3592501046365491,0,2,0.34099210792939794,0,1,1,0
0.7112462006079026,0.6863780359028511,0.1392543859649122,0.6222222222222222,0.6988121182553768,-0.5471236499379388,0.6766999974338099,0.41281621093388166,0.5122928741585553,0.4749890253391909,0,1,0.5719918146429903,0,0,1,1
0.439209726443769,0.5216473072861668,0.3475877192982455,0.902469135802469,0.4804285168649679,-0.17405958798792132,0.9129298299271921,0.43461751329220616,0.43614825100939375,0.4272921978382789,0,2,0.17405958798792132,1,0,1,1
0.3404255319148935,0.4160506863780359,0.844298245614035,0.4222222222222222,0.3782381091464647,0.4282475592359991,0.7282762286224906,0.6301744659960354,0.5335914879689881,0.5646621637334929,0,2,0.5038727136991414,1,1,0,1
0.4270516717325227,0.5628299894403379,0.5745614035087719,1.0,0.4949408305864303,0.011731414068434032,0.9180116892434147,0.5686956964745549,0.5214810215605442,0.5267890597553669,0,1,0.14750973177624926,1,0,0,1
0.5121580547112463,0.7560718057022175,0.8377192982456141,0.4074074074074074,0.6341149302067319,0.08164749254339654,0.830613679097773,0.7968955519739158,0.7019830528863592,0.7155566774222848,0,0,0.3255612435343678,0,0,0,1
0.4999999999999998,0.2164730728616684,0.6644736842105263,0.5888888888888888,0.3582365364308341,0.44800061134885794,0.7733785612601053,0.44047337853609736,0.4603155856907315,0.480731395542711,0,2,0.44800061134885794,1,1,0,1
0.2705167173252278,0.3410770855332629,0.737938596491228,1.0,0.3057969014292453,0.39686151095796507,0.7480208217713986,0.5395078410122454,0.44984413311657284,0.4786535794540384,0,2,0.46742187916600014,1,1,0,1
0.484802431610942,0.4318901795142555,0.4057017543859648,1.0,0.45834630556259875,-0.026188425128290727,0.9597043071571881,0.4187959669501101,0.4407981218370541,0.4372884850919452,0,3,0.07910067722497721,1,1,1,1
0.5091185410334347,0.808870116156283,0.6864035087719299,0.7777777777777779,0.6589943285948588,-0.12246660738435311,0.8492910993012792,0.7476368124641064,0.6681307219872159,0.6699580006656873,0,0,0.29975157512284833,0,0,0,1
0.9270516717325228,0.6219640971488912,0.7269736842105262,0.5209876543209877,0.774507884440707,0.10500958706163499,0.8450071815475363,0.6744688906797087,0.7586631510306466,0.7554942043486347,0,0,0.30508757458363156,0,0,0,1
0.810030395136778,0.6990496304118268,0.469298245614035,0.6222222222222222,0.7545400127743024,-0.22975138479779178,0.8262181316161805,0.5841739380129309,0.6594594237208798,0.6404433059101955,0,1,0.340732149522743,0,0,1,1
0.3130699088145895,0.3970432946145723,0.694078947368421,0.771604938271605,0.35505660171458087,0.29703565275384874,0.7998127559885775,0.5455611209914967,0.4680640502658609,0.49066553997611695,0,2,0.3810090385538315,1,1,0,1
0.4164133738601823,0.4002111932418163,0.6951754385964912,0.7629629629629628,0.4083122835509993,0.2949642453546749,0.8341814719688553,0.5476933159191537,0.5039333352328299,0.5230575455691961,0,2,0.2949642453546749,1,1,0,1
0.2006079027355621,0.648363252375924,0.4747807017543859,0.7308641975308643,0.424485577555743,-0.17358255062153805,0.7742470086083546,0.5615719770651549,0.44125061895529066,0.44460362723520014,0,2,0.4477553496403619,1,0,1,1
0.3601823708206686,0.587117212249208,0.3618421052631578,0.7456790123456791,0.4736497915349383,-0.2252751069860502,0.8694555945280226,0.4744796587561829,0.43638056277767817,0.4289267170262261,0,2,0.22693484142853937,1,0,1,1
0.525835866261398,0.6642027455121436,0.3497807017543859,0.7,0.5950193058867708,-0.31442204375775773,0.8424129680546932,0.5069917236332648,0.5132731045093092,0.49692386423381685,0,1,0.31442204375775773,0,0,1,1
0.688449848024316,0.5480464625131996,0.6008771929824561,0.3975308641975308,0.6182481552687578,0.05283073046925657,0.9290855366703672,0.5744618277478278,0.6124578345066573,0.6112997703542371,0,0,0.14040338551111642,0,0,0,1
0.3358662613981762,0.6219640971488912,0.6480263157894738,0.625925925925926,0.4789151792735337,0.026062218640582557,0.8268068946622054,0.6349952064691825,0.5352855581121804,0.5465596338799097,0,1,0.31216005439129757,1,0,0,1
0.3495440729483282,0.6029567053854276,0.4265350877192982,0.9790123456790124,0.4762503891668779,-0.17642161766612935,0.8700832537006243,0.5147458965523629,0.45967862201768467,0.45636426858784607,0,2,0.2534126324370994,1,0,1,1
0.0759878419452887,0.7011615628299894,0.5888157894736842,0.4148148148148148,0.3885747023876391,-0.11234577335630525,0.6667192730239679,0.6449886761518369,0.45532173141632076,0.4686711372220571,0,1,0.6251737208847007,1,0,0,1
0.4376899696048631,0.7053854276663146,0.6962719298245613,0.7061728395061728,0.5715376986355889,-0.009113497841753304,0.8480084737774813,0.700828678745438,0.6131157756985797,0.6214313911111778,0,1,0.2676954580614515,1,0,0,1
0.2750759878419452,0.3210137275607181,0.7050438596491228,0.5506172839506174,0.29804485770133166,0.38403013208840464,0.7638991073471977,0.5130287936049205,0.4337111916839287,0.4608444584804481,0,2,0.42996787180717755,1,1,0,1
0.3708206686930091,0.2217529039070749,0.8892543859649124,0.780246913580247,0.296286786300042,0.6675014820578374,0.6496304459926043,0.5555036449359936,0.4939426528549988,0.5334738261659902,0,2,0.6675014820578374,1,1,0,1
0.3085106382978723,0.7360084477296726,0.8355263157894737,0.6567901234567901,0.5222595430137724,0.09951786805980112,0.7199988965932196,0.7857673817595732,0.6266818006056728,0.6475662521240529,0,1,0.5270156774916014,1,0,0,1
0.4513677811550151,0.7655755015839493,0.3859649122807017,1.0,0.6084716413694822,-0.3796105893032476,0.7970598502245483,0.5757702069323255,0.534302731673222,0.51946894973397,0,2,0.3796105893032476,1,0,1,1
0.14741641337386,0.4160506863780359,0.9155701754385964,0.8777777777777778,0.28173354987594795,0.49951948906056054,0.6101828858815086,0.6658104309083162,0.49301242506349746,0.5352682001010074,0,2,0.7681537620647364,1,1,0,1
0.2006079027355621,0.2829989440337909,0.4780701754385963,0.4296296296296295,0.24180342338467647,0.19507123140480542,0.8575065020304865,0.3805345597361936,0.32055900740264975,0.3363101242062444,0,3,0.27746227270303425,1,1,1,0
0.857142857142857,0.5934530095036958,0.7894736842105262,0.9185185185185184,0.7252979333232764,0.19602067470683038,0.8630477226513856,0.691463346857111,0.746689850285693,0.7509682336781763,0,0,0.26368984763916115,0,0,0,1
0.2340425531914892,0.7254487856388595,0.5964912280701755,0.5617283950617284,0.4797456694151744,-0.128957557568684,0.7452193169071633,0.6609700068545175,0.5186608556335081,0.5264438928771749,0,1,0.4914062324473703,1,0,0,1
0.2674772036474163,0.8627243928194297,0.5021929824561404,0.6111111111111112,0.565100798233423,-0.3605314103632893,0.7001684887314457,0.682458687637785,0.5441315263076622,0.53993767192251,0,1,0.5952471891720135,1,0,0,1
0.8024316109422491,0.658922914466737,0.2269736842105262,0.8308641975308642,0.7306772627044931,-0.4319492302562108,0.7004651637061763,0.4429482993386316,0.5627760698731707,0.5291958313069063,0,1,0.5754579267317229,0,0,1,1
0.9984802431610942,0.5184794086589228,0.5493421052631579,0.6320987654320989,0.7584798259100085,0.030862696604235018,0.7313371461977882,0.5339107569610404,0.6887672523610583,0.6748247376512683,0,0,0.48000083450217135,0,0,0,1
0.2537993920972643,0.4361140443505808,0.275219298245614,0.974074074074074,0.3449567182239226,-0.16089474610496685,0.9003467979023976,0.35566667129809737,0.3217109115644864,0.31706175023259914,0,3,0.1823146522533165,1,1,1,0
0.4012158054711245,0.5797254487856388,0.7741228070175439,0.5617283950617284,0.49047062712838163,0.19439735823190507,0.8134900997059584,0.6769241279015914,0.5850213537581024,0.6039314990840465,0,1,0.37290700154641937,1,0,0,1
0.5303951367781155,0.5300950369588173,0.8826754385964912,0.5999999999999999,0.5302450868684664,0.3525804016376739,0.7965241862332975,0.7063852377776543,0.647721870777808,0.6712172275596764,0,0,0.3525804016376739,0,0,0,1
0.7826747720364742,0.4171066525871172,0.4265350877192982,0.5913580246913581,0.5998907123117957,0.009428435132181001,0.7916075736771612,0.4218208701532077,0.5421055041142965,0.5305484624747967,0,2,0.36556811944935697,0,1,1,1
0.2887537993920972,0.9017951425554382,0.6425438596491229,0.6135802469135803,0.5952744709737677,-0.2592512829063154,0.6922668030981076,0.7721695011022806,0.6110309338655527,0.6141822264439099,0,1,0.613041343163341,1,0,0,1
0.4240121580547111,0.860612460401267,0.4396929824561402,1.0,0.6423123092279891,-0.42091947794512685,0.7523312295367693,0.6501527214287036,0.5747725336373728,0.5612645785192495,0,2,0.43660030234655595,1,0,1,1
0.6094224924012157,0.7571277719112988,0.4594298245614035,0.908641975308642,0.6832751321562572,-0.29769794734989524,0.8511495617198273,0.6082787982363511,0.6086600296246393,0.5937370091183157,0,1,0.29769794734989524,0,0,1,1
0.547112462006079,0.4318901795142555,0.7357456140350878,1.0,0.4895013207601673,0.30385543452083225,0.846601409439945,0.5838178967746717,0.5715827518518074,0.5879990380701354,0,1,0.30385543452083225,0,1,0,1
0.3996960486322187,0.7127771911298838,0.575657894736842,1.0,0.5562366198810512,-0.13711929639304177,0.8430583577060604,0.644217542933363,0.5627103781663149,0.5640051298233676,0,1,0.3130811424976651,1,0,0,1
0.4437689969604862,0.6789862724392819,0.9265350877192984,0.4987654320987654,0.561377634699884,0.2475488152800165,0.7585907068149085,0.8027606800792901,0.6830967857063555,0.7074406159076498,0,1,0.48276609075881216,1,0,0,1
0.2173252279635257,0.6473072861668425,0.487938596491228,0.7703703703703704,0.4323162570651841,-0.15936868967561452,0.7826237728224814,0.5676229413290352,0.4508570368738654,0.4545651928356017,0,2,0.4299820582033168,1,0,1,1
0.4240121580547111,0.7750791974656811,0.7807017543859649,0.4629629629629629,0.5995456777601961,0.005622556920283794,0.7956689175879588,0.7778904759258229,0.6599310366354524,0.6720081084105036,0,1,0.3566895963312538,1,0,0,1
0.4194528875379938,0.6779303062302006,0.6030701754385964,0.5604938271604938,0.5486915968840972,-0.07486013079160414,0.8670025541774735,0.6405002408343985,0.5668177897355969,0.5704430283058969,0,1,0.25847741869220675,1,0,0,1
0.5106382978723403,0.6948257655755015,0.7401315789473684,0.597530864197531,0.6027320317239209,0.0453058133718669,0.8784511030882555,0.7174786722614349,0.6485318807984034,0.6576918506132998,0,0,0.2294932810750281,0,0,0,1
0.3662613981762916,0.6789862724392819,0.4956140350877192,0.4925925925925925,0.5226238353077868,-0.18337223735156272,0.8428618818310568,0.5873001537635005,0.5136205685677643,0.5118199152197598,0,2,0.3127248742629903,1,0,1,1
0.5547112462006079,0.631467793030623,0.5734649122807017,0.4938271604938271,0.5930895196156154,-0.058002880749921215,0.9599841663671292,0.6024663526556624,0.5865479838373108,0.5852396766816499,0,0,0.0767565468300151,0,0,0,1
0.6534954407294833,0.2946145723336854,0.5603070175438596,0.7172839506172839,0.47405500653158433,0.2656924452101742,0.8137778945460975,0.4274607949387725,0.5028056768690093,0.5085558109364945,0,1,0.3588808683957979,0,1,0,1
0.4969604863221883,0.5913410770855332,0.418859649122807,0.4530864197530864,0.5441507817038608,-0.1724814279627262,0.9136313331543751,0.5051003631041701,0.5023870708435095,0.49403432867143926,0,2,0.1724814279627262,1,0,1,1
0.5319148936170213,0.4899683210137276,0.7138157894736843,0.9604938271604936,0.5109416073153744,0.22384746845995668,0.8810076052832568,0.6018920552437059,0.5785663347014777,0.5920912801786984,0,1,0.22384746845995668,0,1,0,1
0.4772036474164132,0.3748680042238648,0.7116228070175439,0.5259259259259259,0.426035825820139,0.3367548027936791,0.8273593696623229,0.5432454056207043,0.521231486219274,0.540270618299101,0,2,0.3367548027936791,1,1,0,1
0.4680851063829786,0.8437170010559661,0.7006578947368421,1.0,0.6559010537194724,-0.143059106319124,0.8104147816595679,0.7721874478964041,0.6708200007252624,0.6738037901264203,0,1,0.3756318946729875,1,0,0,1
0.3358662613981762,0.8511087645195354,0.8870614035087719,0.6419753086419753,0.5934875129588558,0.03595263898923651,0.6916215761007876,0.8690850840141537,0.6913454764754946,0.7109170691788222,0,1,0.5511951421105957,1,0,0,1
0.525835866261398,0.7930306230200633,0.8695175438596491,0.7703703703703704,0.6594332446407307,0.07648692083958575,0.8195559262007608,0.8312740834398562,0.7294613443803701,0.7434669643282981,0,0,0.3436816775982511,0,0,0,1
0.4498480243161092,0.6177402323125659,0.5098684210526315,0.4333333333333333,0.5337941283143376,-0.10787181125993439,0.9149249652808045,0.5638043266825987,0.5258188925604356,0.5242238454096552,0,1,0.1678922079964567,1,0,0,1
0.8495440729483281,0.791974656810982,0.6567982456140351,1.0,0.8207593648796551,-0.1351764111969469,0.9010573787716148,0.7243864512125086,0.7661056584577818,0.7551749171734071,0,0,0.19274582733429302,0,0,0,1
0.7553191489361701,0.5797254487856388,0.4605263157894736,1.0,0.6675222988609044,-0.11919913299616519,0.8517072741083545,0.5201258822875562,0.5985236378370942,0.5847239056323321,0,1,0.2947928331466965,0,0,1,1
0.5379939209726443,0.6092925026399155,0.587719298245614,0.825925925925926,0.57364321180628,-0.02157320439430155,0.9634361197342194,0.5985059004427647,0.5783352406193912,0.5792736463820135,0,0,0.07129858166727121,0,0,0,1
0.3282674772036472,0.4044350580781415,0.4649122807017543,0.4209876543209876,0.3663512676408943,0.06047722262361277,0.9315276246023564,0.4346736693899479,0.39920493866118095,0.4057756728652383,0,3,0.1366448034981071,1,1,1,1
0.2659574468085106,0.6409714889123548,0.9035087719298246,0.8049382716049382,0.4534644678604327,0.2625372830174698,0.67957500906005,0.7722401304210897,0.6034792358835633,0.6334821894881895,0,1,0.6375513251213141,1,0,0,1
0.6854103343465043,0.587117212249208,0.6546052631578947,0.4765432098765432,0.6362637732978562,0.0674880509086867,0.9497255411465841,0.6208612377035514,0.6423776032512024,0.6436003692418716,0,0,0.09829312209729635,0,0,0,1
0.5167173252279635,0.3717001055966209,0.5405701754385965,1.0,0.44420871541229223,0.1688700698419756,0.9086070271289876,0.45613514051760873,0.476329202087727,0.482753299422814,0,1,0.1688700698419756,0,1,0,1
0.5562310030395137,0.5691657866948258,0.819078947368421,0.9530864197530864,0.5626983948671698,0.24991316067359526,0.8518373988124261,0.6941223670316234,0.6481585790342536,0.6652506158676703,0,0,0.26284794432890735,0,0,0,1
0.1504559270516716,0.5649419218585005,0.1546052631578947,0.7765432098765432,0.357698924455086,-0.41033665870060576,0.7618851711342102,0.35977359250819757,0.29000103735602223,0.2764614599362095,0,2,0.41448599480682885,1,0,1,0
0.6367781155015195,0.8627243928194297,0.1853070175438596,0.1518518518518518,0.7497512541604746,-0.6774173752755701,0.6550912746705877,0.5240157051816446,0.5616031752882696,0.5239735595138286,1,1,0.6774173752755701,0,0,1,1
0.5516717325227962,0.7191129883843718,0.7401315789473684,0.5098765432098764,0.635392360453584,0.021018590562996597,0.8967241000780516,0.7296222836658701,0.6703054332848456,0.6772880478510978,0,0,0.18845984642457214,0,0,0,1
0.2659574468085106,0.5797254487856388,0.5953947368421053,0.9234567901234568,0.42284144779707467,0.0156692880564665,0.8141574081300725,0.587560092813872,0.4803592108120849,0.49186276341508695,0,1,0.32943729003359473,1,0,0,1
0.3814589665653494,0.6166842661034847,0.6326754385964912,1.0,0.49907161633441705,0.015991172493006522,0.8593489098511972,0.6246798523499879,0.5436062237551084,0.5525131452392467,0,1,0.25121647203114184,1,0,0,1
0.5167173252279635,0.5850052798310454,0.3212719298245614,1.0,0.5508613025295045,-0.26373335000648407,0.8631196220332589,0.45313860482780344,0.4743315116278568,0.45902555344752727,0,1,0.26373335000648407,0,0,1,1
0.4772036474164132,0.5459345300950369,0.5789473684210527,0.3604938271604939,0.511569088755725,0.03301283832601576,0.9480937279127203,0.5624409492580448,0.5340285153108343,0.5385204006218561,0,1,0.10174372100463946,1,0,0,1
0.4148936170212765,0.4065469904963041,0.9791666666666666,0.8271604938271604,0.4107203037587903,0.5726196761703626,0.6717808064042396,0.6928568285814853,0.6002024247280824,0.6380988489219408,0,2,0.5726196761703626,1,1,0,1
0.4498480243161092,0.5533262935586061,0.7456140350877193,1.0,0.5015871589373576,0.1922877415291132,0.8499112146785878,0.6494701643231626,0.5829294509874782,0.5991979093975023,0,1,0.2957660107716101,1,0,0,1
0.4224924012158054,0.4593453009503696,0.6173245614035087,0.3432098765432098,0.4409188510830875,0.1579792604531391,0.8964986686111611,0.5383349311769391,0.49972075452322784,0.5114811352112559,0,2,0.19483216018770327,1,1,0,1
0.4954407294832825,0.3790918690601901,0.4967105263157894,0.7506172839506171,0.4372662992717363,0.11761865725559928,0.9324564113080076,0.43790119768798974,0.457081041619754,0.4610439900893575,0,3,0.11761865725559928,1,1,1,1
0.7370820668693008,0.658922914466737,0.5054824561403508,0.8209876543209877,0.6980024906680189,-0.1534404583263862,0.8821786613515334,0.5822026853035439,0.6338291458254629,0.6209944768569516,0,0,0.23159961072894997,0,0,0,1
0.0,0.6399155227032736,0.1633771929824561,0.6790123456790123,0.3199577613516368,-0.47653832972081744,0.6675162251887227,0.40164635784286484,0.2677642385619099,0.2573255340039645,0,2,0.6399155227032736,1,0,1,0
0.4255319148936169,0.2946145723336854,0.6337719298245613,0.2962962962962962,0.3600732436136511,0.33915735749087594,0.8289585978280949,0.46419325107912335,0.45130613901728783,0.4695527180980152,0,2,0.33915735749087594,1,1,0,1
0.4999999999999998,0.5586061246040127,0.75,0.6728395061728394,0.5293030623020063,0.1913938753959873,0.8692545135385827,0.6543030623020063,0.6028687082013375,0.6175818373812038,0,1,0.2500000000000002,1,0,0,1
0.5227963525835864,0.7349524815205913,0.2719298245614034,0.6728395061728394,0.6288744170520888,-0.46302265695918793,0.7682191340996898,0.5034411530409973,0.5098928862218604,0.48609658005581463,0,1,0.46302265695918793,0,0,1,1
0.3996960486322187,0.7455121436114045,0.4528508771929824,0.7160493827160495,0.5726040961218116,-0.2926612664184221,0.8137811215229007,0.5991815104021935,0.5326863564788685,0.5247028085502798,0,2,0.3458160949791858,1,0,1,1
0.14741641337386,0.7402323125659979,0.3552631578947368,0.6135802469135803,0.44382436296992894,-0.3849691546712611,0.6992143039772849,0.5477477352303673,0.41430396127819824,0.408399880939852,0,2,0.5928158991921378,1,0,1,1
0.527355623100304,0.5839493136219641,0.3925438596491227,0.6432098765432097,0.5556524683611341,-0.19140545397284142,0.9016696849201392,0.48824658663554343,0.5012829321237969,0.49040902487632954,0,1,0.19140545397284142,0,0,1,1
0.7826747720364742,0.4435058078141499,0.5942982456140351,0.7432098765432098,0.613090289925312,0.15079243779988522,0.8300688074071055,0.5189020267140925,0.6068262751548864,0.6055734722008013,0,1,0.3391689642223243,0,1,0,1
0.188449848024316,0.4054910242872228,0.1721491228070175,0.8617283950617283,0.2969704361557694,-0.23334190148020528,0.8697303893057468,0.28882007354712014,0.2553633317061854,0.24704191081626864,0,3,0.23334190148020528,1,1,1,0
0.6261398176291793,0.6325237592397043,0.7050438596491228,0.6777777777777778,0.6293317884344418,0.07252010040941848,0.9561712280175002,0.6687838094444135,0.6545691455060022,0.6596166169203141,0,0,0.0789040420199435,0,0,0,1
0.4088145896656534,0.6378035902851109,0.7324561403508771,0.6518518518518517,0.5233090899753822,0.09465255006576623,0.8335974154003878,0.685129865317994,0.5930247734338805,0.6069679101255802,0,1,0.3236415506852237,1,0,0,1
0.4574468085106381,0.7814149947201688,0.5339912280701754,0.7753086419753086,0.6194309016154035,-0.24742376664999344,0.830671446518477,0.6577031113951721,0.5909510104336607,0.5852550321973122,0,1,0.3239681862095307,1,0,0,1
0.2765957446808509,0.7518479408658922,0.0932017543859649,0.2790123456790124,0.5142218427733716,-0.6586461864799273,0.6600703983127445,0.42252484762592857,0.3738818133109027,0.3458138074184089,0,2,0.6586461864799273,1,0,1,0
0.4072948328267476,0.5564941921858501,0.3870614035087719,0.8703703703703705,0.48189451250629883,-0.16943278867707817,0.907464141748524,0.471777797847311,0.4502834761737899,0.44396126890728804,0,2,0.16943278867707817,1,0,1,1
0.7051671732522795,0.3801478352692714,0.8267543859649122,0.7530864197530864,0.5426575042607754,0.44660655069564087,0.7691037637514786,0.6034511106170918,0.637356464828821,0.6562962569424302,0,1,0.44660655069564087,0,1,0,1
0.5744680851063828,0.5269271383315733,0.0350877192982456,0.7629629629629628,0.5506976117189781,-0.49183941903332773,0.701364956634745,0.2810074288149095,0.37882764757873394,0.34445365475068507,0,1,0.5393803658081372,0,0,1,0
0.7841945288753798,0.6124604012671594,0.5142543859649124,0.9901234567901236,0.6983274650712696,-0.09820601530224704,0.8633711153151079,0.5633573936160359,0.6369697720358172,0.6246982334287267,0,0,0.2699401429104674,0,0,0,1
0.6823708206686929,0.5459345300950369,0.350877192982456,0.2703703703703703,0.6141526753818649,-0.1950573371125809,0.8333915511628479,0.44840586153874645,0.5263941812487286,0.5088424824221014,0,1,0.3314936276862369,0,0,1,1
0.5486322188449846,0.4857444561774023,0.7423245614035088,0.2654320987654321,0.5171883375111934,0.25658010522610647,0.8662683379194349,0.6140345087904555,0.5922337454752985,0.6072428270681196,0,1,0.25658010522610647,0,1,0,1
0.7857142857142858,0.6177402323125659,0.4495614035087719,0.8209876543209877,0.7017272590134258,-0.16817882880379403,0.8319235485019323,0.5336508179106689,0.6176719738452078,0.6008609168115643,0,1,0.3361528822055139,0,0,1,1
0.5486322188449846,0.4973600844772967,0.6633771929824561,0.7518518518518518,0.5229961516611407,0.16601710850515944,0.9149932148111682,0.5803686387298764,0.5697898321015792,0.5791485681896669,0,1,0.16601710850515944,0,1,0,1
0.6185410334346504,0.4783526927138331,0.6951754385964912,0.7950617283950618,0.5484468630742417,0.2168227458826581,0.890047202505908,0.5867640656551621,0.5973563882483249,0.6071382932831415,0,1,0.2168227458826581,0,1,0,1
0.4133738601823707,0.6272439281942978,0.9462719298245612,0.6395061728395062,0.5203088941883343,0.31902800163026346,0.7318272868578912,0.7867579290094295,0.6622965727337432,0.6906941084428251,0,1,0.5328980696421906,1,0,0,1
0.4802431610942248,0.5142555438225976,0.5427631578947368,0.9172839506172838,0.49724935245841123,0.028507614072139198,0.9686996372787701,0.5285093508586672,0.5124206209371864,0.5154548746329415,0,1,0.06251999680051201,1,0,0,1
0.3404255319148935,0.6166842661034847,0.6578947368421052,0.9839506172839508,0.4785548990091891,0.0412104707386205,0.8273713585027592,0.637289501472795,0.5383348449534945,0.5502908341423556,0,1,0.3174692049272117,1,0,0,1
0.6489361702127661,0.6209081309398098,0.2905701754385964,0.8728395061728396,0.6349221505762879,-0.33033795550121337,0.8006949900108344,0.4557391531892031,0.520138158863724,0.4971813605212113,0,1,0.35836599477416964,0,0,1,1
0.2537993920972643,0.3970432946145723,0.8179824561403509,0.6888888888888889,0.3254213433559183,0.42093916152577865,0.7067392732659612,0.6075128753774616,0.4896083809507292,0.5224457884696914,0,2,0.5641830640430866,1,1,0,1
0.6109422492401215,0.5015839493136219,0.4331140350877192,0.2320987654320987,0.5562630992768718,-0.06846991422590276,0.9103058524154173,0.46734899220067055,0.5152134112138209,0.5070034736012107,1,1,0.17782821415240235,0,0,1,1
0.4331306990881458,0.8057022175290389,0.4725877192982455,0.94320987654321,0.6194164583085924,-0.3331144982307934,0.7953329281781564,0.6391449684136422,0.5704735453051434,0.5606849627044537,0,2,0.37257151844089315,1,0,1,1
0.6823708206686929,0.3938753959873284,0.5789473684210527,1.0,0.5381231083280107,0.18507197243372425,0.8538393261296494,0.48641138220419056,0.5517311950256913,0.5544528123652275,0,1,0.2884954246813645,0,1,0,1
0.6048632218844985,0.2428722280887011,0.275219298245614,0.9123456790123456,0.4238677249865998,0.03234707015691288,0.7996881893442775,0.25904576316715755,0.3743182494062712,0.36440835429020546,0,2,0.36199099379579736,0,1,1,0
0.7993920972644375,0.2829989440337909,0.6282894736842105,0.5358024691358023,0.5411955206491141,0.3452905296504196,0.7369526194878591,0.4556442088590007,0.5702268383274797,0.5760331018631527,0,1,0.5163931532306466,0,1,0,1
0.6018237082066868,0.5818373812038015,0.7741228070175439,0.9197530864197532,0.5918305447052441,0.19228542581374242,0.8942801518962562,0.6779800941106726,0.6525946321426773,0.664747449630164,0,0,0.19228542581374242,0,0,0,1
0.1808510638297872,0.5828933474128828,0.6414473684210525,0.965432098765432,0.381872205621335,0.058554021008169754,0.749262578591313,0.6121703579169677,0.46839725988790754,0.485702270741222,0,1,0.4605963045912653,1,0,0,1
0.4559270516717325,0.5586061246040127,0.2697368421052631,1.0,0.5072665881378726,-0.2888692824987496,0.853567280222861,0.41417148335463794,0.42809000612700276,0.4122546897248288,0,2,0.2888692824987496,1,0,1,1
0.2537993920972643,0.7697993664202746,0.5592105263157895,0.537037037037037,0.5117993792587694,-0.2105888401044851,0.7405519981503854,0.664504946368032,0.5276030949444427,0.5307638380815775,0,1,0.5159999743230103,1,0,0,1
0.3738601823708205,0.1541710665258711,0.7302631578947368,0.6975308641975309,0.2640156244483458,0.5760920913688657,0.7092628660568707,0.44221711221030396,0.4194314689304761,0.45051463782690226,0,2,0.5760920913688657,1,1,0,1
0.7431610942249238,0.6399155227032736,0.2127192982456139,0.9370370370370372,0.6915383084640987,-0.4271962244576597,0.7187750718874459,0.4263174104744437,0.5319319717246037,0.5000107043767048,0,1,0.53044179597931,0,0,1,1
0.5851063829787233,0.8247096092925027,0.3717105263157894,0.7666666666666666,0.7049079961356131,-0.4529990829767133,0.7733741457531735,0.598210067804146,0.5938421728623385,0.5716290082076836,0,1,0.4529990829767133,0,0,1,1
0.3404255319148935,0.399155227032735,0.756578947368421,0.4777777777777778,0.3697903794738142,0.35742372033568603,0.7747651010830124,0.577867087200578,0.49871990210534983,0.524505806631657,0,2,0.4161534154535275,1,1,0,1
0.282674772036474,0.5174234424498415,0.6370614035087719,0.8555555555555556,0.4000491072431578,0.11963796105893043,0.8197177839453448,0.5772424229793067,0.4790532059983625,0.4948540257494034,0,1,0.35438663147229793,1,0,0,1
0.4741641337386019,0.4582893347412883,0.6644736842105263,0.8962962962962961,0.4662267342399451,0.20618434946923803,0.8852671797827056,0.5613815094759074,0.5323090508968055,0.5455255142281776,0,2,0.20618434946923803,1,1,0,1
0.2462006079027354,0.4361140443505808,0.950657894736842,0.7753086419753086,0.3411573261266581,0.5145438503862612,0.6355180488493704,0.6933859695437115,0.5443241823300528,0.5849575535707318,0,2,0.7044572868341066,1,1,0,1
0.3449848024316109,0.525871172122492,0.6754385964912282,0.8074074074074076,0.43542798727705145,0.14956742436873616,0.8345259319507335,0.6006548843068601,0.515431523681777,0.5314322309627222,0,1,0.3304537940596173,1,0,0,1
0.5243161094224924,0.8035902851108765,0.712719298245614,0.6888888888888889,0.6639531972666844,-0.09087098686526252,0.8575527214375942,0.7581547916782452,0.680208564259661,0.6834596376582562,0,0,0.2792741756883841,0,0,0,1
0.6793313069908815,0.8690601900739175,1.0,1.0,0.7741957485323996,0.13093980992608245,0.8387699916394846,0.9345300950369588,0.8494638323549331,0.8645174491194397,0,0,0.3206686930091185,0,0,0,1
0.5790273556231003,0.5248152059134107,0.5416666666666667,0.5308641975308641,0.5519212807682554,0.016851460753256053,0.9722548803541845,0.5332409362900388,0.5485030760677259,0.54781943512762,0,0,0.05421214970968957,0,0,0,1
0.0501519756838905,0.8796198521647306,0.425438596491228,0.6086419753086418,0.46488591392431056,-0.4541812556735026,0.5846411954956325,0.6525292243279793,0.45173680811328304,0.44910698695107754,0,2,0.8294678764808401,1,0,1,1
0.5243161094224924,0.5828933474128828,0.6677631578947368,0.7555555555555555,0.5536047284176876,0.08486981048185405,0.9278759942215179,0.6253282526538098,0.5916575382433708,0.5992681002085073,0,0,0.14344704847224443,0,0,0,1
0.4817629179331306,0.8553326293558605,0.6699561403508772,0.9703703703703704,0.6685477736444956,-0.18537648900498327,0.8132133744383484,0.7626443848533688,0.6690172292132894,0.6691111203270483,0,1,0.37356971142272993,1,0,0,1
0.5440729483282674,0.5628299894403379,0.4791666666666666,0.3839506172839506,0.5534514688843026,-0.08366332277367133,0.9560982089052803,0.5209983280535022,0.5286898681450906,0.5237375479972483,0,1,0.08366332277367133,0,0,1,1
0.762917933130699,0.5987328405491024,0.3793859649122806,0.4296296296296295,0.6808253868399007,-0.21934687563682176,0.8075740111440433,0.4890594027306915,0.580345579530694,0.5602496180688527,0,1,0.3835319682184184,0,0,1,1
0.0911854103343464,0.6356916578669483,1.0,0.2493827160493827,0.3634385341006473,0.36430834213305174,0.5426249569301436,0.8178458289334741,0.5756256894004316,0.6180631204603884,1,1,0.9088145896656536,1,0,0,1
0.3601823708206686,1.0,0.6480263157894738,0.7617283950617284,0.6800911854103343,-0.3519736842105262,0.679555982621874,0.824013157894737,0.6694028955367141,0.6672652375619901,0,1,0.6398176291793314,1,0,0,1
0.5759878419452886,0.7127771911298838,0.43859649122807,0.4765432098765432,0.6443825165375863,-0.2741806999018138,0.8629095399010229,0.5756868411789768,0.5757871747677475,0.5620681064137798,0,1,0.2741806999018138,0,0,1,1
0.1793313069908814,0.4656810982048574,0.7642543859649122,0.6580246913580245,0.32250620259786944,0.2985732877600548,0.7075171744618736,0.6149677420848848,0.46975559705355036,0.49920547594468656,0,2,0.5849230789740308,1,1,0,1
0.7370820668693008,0.730728616684266,0.5614035087719298,0.9160493827160494,0.7339053417767833,-0.16932510791233624,0.9003553695426012,0.6460660627280979,0.6764047307751655,0.664904608574842,0,0,0.17567855809737098,0,0,0,1
0.5349544072948329,0.5205913410770855,0.5328947368421052,0.5950617283950617,0.5277728741859592,0.012303395765019709,0.9922334750274019,0.5267430389595953,0.5294801617380078,0.5298216192484175,0,0,0.014363066217747411,0,0,0,1
0.6231003039513678,0.5005279831045406,0.694078947368421,0.8098765432098765,0.5618141435279542,0.1935509642638804,0.9020851412139261,0.5973034652364808,0.6059024114747765,0.6147200650641409,0,0,0.1935509642638804,0,0,0,1
0.3632218844984801,0.7212249208025342,0.3278508771929824,0.6790123456790123,0.5422234026505072,-0.3933740436095518,0.782376310899427,0.5245378989977583,0.4707658941646656,0.4564743924674972,0,2,0.3933740436095518,1,0,1,1
0.6170212765957446,0.5828933474128828,0.6524122807017544,0.9185185185185184,0.5999573120043137,0.0695189332888716,0.9652386210295473,0.6176528140573185,0.6174423015701272,0.6209392994832901,0,0,0.0695189332888716,0,0,0,1
0.6626139817629177,0.6219640971488912,0.9605263157894738,0.8703703703703705,0.6422890394559044,0.33856221864058256,0.8151448550102371,0.7912452064691825,0.7483681315670943,0.7695839499893322,0,0,0.33856221864058256,0,0,0,1
0.5106382978723403,0.5797254487856388,0.6754385964912282,0.5827160493827162,0.5451818733289895,0.09571314770558936,0.9172421408667597,0.6275820226384334,0.5886007810497357,0.597284562593885,0,0,0.1648002986188879,0,0,0,1
0.5106382978723403,0.6304118268215416,0.5087719298245614,0.711111111111111,0.5705250623469409,-0.12163989699698019,0.9303036991559441,0.5695918783230516,0.5499406848394811,0.5458238093379891,0,0,0.12163989699698019,0,0,0,1
0.5167173252279635,0.6451953537486801,0.4835526315789473,1.0,0.5809563394883218,-0.1616427221697328,0.9146235099223791,0.5643739926638137,0.5484884368518637,0.541994856324572,0,1,0.1616427221697328,0,0,1,1
0.3100303951367781,0.2703273495248152,0.5021929824561404,0.8506172839506174,0.29017887233079664,0.23186563293132523,0.8759943122737367,0.3862601659904778,0.3608502423725779,0.37498451638093416,0,2,0.23186563293132523,1,1,0,0
0.4407294832826747,0.6832101372756071,0.5328947368421052,0.4086419753086419,0.5619698102791408,-0.1503154004335019,0.8776030902269191,0.6080524370588561,0.5522781191334624,0.5503397809043267,0,1,0.2424806539929324,1,0,0,1
0.4407294832826747,0.4223864836325237,0.5087719298245614,0.9148148148148147,0.4315579834575992,0.08638544619203775,0.954486841680366,0.4655792067285426,0.45729596557991997,0.4624435620043841,0,2,0.08638544619203775,1,1,0,1
0.5379939209726443,0.3495248152059134,0.7642543859649122,0.4851851851851851,0.44375936808927885,0.41472957075899886,0.7923484414100663,0.5568896005854128,0.5505910407144899,0.5719573752395322,0,1,0.41472957075899886,0,1,0,1
0.6504559270516717,0.5681098204857444,0.2412280701754385,1.0,0.609282873768708,-0.3268817503103059,0.7835513922444056,0.4046689453305915,0.48659793923761824,0.4620609523314002,0,1,0.40922785687623314,0,0,1,1
0.2750759878419452,0.5913410770855332,0.7532894736842105,1.0,0.4332085324637392,0.16194839659867732,0.7567788976135268,0.6723152753848718,0.5399021795372296,0.5612409089519277,0,1,0.4782134858422653,1,0,0,1
0.445288753799392,0.4677930306230201,0.5087719298245614,0.8246913580246913,0.45654089221120603,0.04097889920154135,0.9678134958578205,0.4882824802237907,0.47395123808232453,0.4774333072565482,0,2,0.06348317602516945,1,1,0,1
0.7386018237082066,0.7096092925026398,0.6578947368421052,0.7913580246913581,0.7241055581054232,-0.05171455566053462,0.9591168412764606,0.6837520146723726,0.702035284350984,0.6976212296000961,0,0,0.0807070868661014,0,0,0,1
0.3328267477203647,0.365364308342133,0.3607456140350877,0.7012345679012344,0.3490955280312489,-0.004618694307045312,0.9823956052616751,0.36305496118861036,0.3529788900325285,0.3537555624327844,0,3,0.032537560621768324,1,1,1,0
0.3176291793313069,0.5131995776135163,0.8453947368421053,0.9209876543209876,0.4154143784724116,0.332195159228589,0.7331861172421703,0.6792971572278108,0.5587411645956428,0.5874065218202891,0,1,0.5277655575107985,1,0,0,1
0.5045592705167172,0.4846884899683211,0.8289473684210527,0.6617283950617283,0.49462388024251913,0.34425887845273156,0.8067227115536127,0.6568179291946868,0.606065042968697,0.6283532755139326,0,1,0.34425887845273156,0,1,0,1
0.6215805471124618,0.570221752903907,0.7730263157894737,0.8111111111111111,0.5959011500081843,0.2028045628855667,0.8945618369849468,0.6716240343466904,0.6549428719352808,0.6667512163207001,0,0,0.2028045628855667,0,0,0,1
0.4696048632218843,0.6219640971488912,0.2839912280701754,0.9679012345679012,0.5457844801853877,-0.3379728690787158,0.8307411164564988,0.4529776626095333,0.4585200628136503,0.44106717933930284,0,2,0.3379728690787158,1,0,1,1
0.709726443768997,0.4181626187961985,0.7467105263157895,0.6148148148148147,0.5639445312825977,0.328547907519591,0.8200365713401292,0.582436572555994,0.624866529626995,0.6370509292958744,0,1,0.328547907519591,0,1,0,1
0.6246200607902734,0.692713833157339,0.6633771929824561,0.6012345679012345,0.6586669469738062,-0.02933664017488291,0.9658446793122686,0.6780455130698976,0.6602370289766896,0.6605510453772662,0,0,0.0680937723670656,0,0,0,1
0.6215805471124618,0.587117212249208,0.2664473684210526,0.4580246913580246,0.604348879680835,-0.3206698438281554,0.8041529317732266,0.42678229033513027,0.49171504259424087,0.469188275176922,0,1,0.3551331786914092,0,0,1,1
0.5683890577507598,0.2777191129883844,0.5789473684210527,0.4901234567901234,0.4230540853695721,0.30122825543266823,0.8290521733669491,0.42833324070471857,0.475018513053399,0.48541139859016436,0,1,0.30122825543266823,0,1,0,1
0.8920972644376899,0.2671594508975713,0.6557017543859649,0.3012345679012345,0.5796283576676307,0.3885423034883936,0.6844593978674625,0.4614306026417681,0.6049861565737421,0.6100577163549643,0,1,0.6249378135401186,0,1,0,1
0.4300911854103343,0.5755015839493135,0.6929824561403509,0.9333333333333332,0.5027963846798239,0.11748087219103742,0.8683073277411416,0.6342420200448322,0.5661917418333329,0.5788708132640348,0,1,0.2628912707300166,1,0,0,1
0.1033434650455926,0.542766631467793,0.618421052631579,1.0,0.3230550482566928,0.07565442116378596,0.721874958617669,0.580593842049686,0.42151038304832156,0.4412014500066473,0,1,0.5150775875859864,1,0,0,1
0.7613981762917932,0.5607180570221753,0.6403508771929824,1.0,0.6610581166569842,0.0796328201708072,0.8989502227138021,0.6005344671075789,0.654155703502317,0.6527752208713835,0,0,0.20068011926961793,0,0,0,1
0.384498480243161,0.573389651531151,0.8739035087719298,0.3518518518518518,0.478944065887156,0.30051385724077884,0.7531850440331445,0.7236465801515404,0.610597213515414,0.6369278430410655,0,1,0.48940502852876877,1,0,0,1
0.4878419452887537,0.6135163674762407,0.825657894736842,0.9320987654320988,0.5506791563824972,0.21214152726060131,0.829257648447467,0.7195871311065414,0.6423387358339455,0.6606706517242351,0,1,0.33781594944808835,1,0,0,1
0.7066869300911853,0.7275607180570222,0.0175438596491227,1.0,0.7171238240741038,-0.7100168584078994,0.5959624964218917,0.37255228885307246,0.4839305025991101,0.43729183830411134,0,1,0.7100168584078994,0,0,1,1
0.1762917933130697,0.4012671594508975,0.5208333333333333,0.6407407407407408,0.28877947638198365,0.11956617388243573,0.8250624596676148,0.4610502463921154,0.3661307620324335,0.3816010191625235,0,2,0.34454154002026355,1,1,0,0
0.2401215805471124,0.3917634635691658,0.5504385964912281,0.7777777777777779,0.3159425220581391,0.15867513292206226,0.8448282087068396,0.47110103003019693,0.39410788020250215,0.4097409518313747,0,2,0.31031701594411565,1,1,0,1
0.1762917933130697,0.4044350580781415,0.237938596491228,0.2567901234567901,0.2903634256956056,-0.1664964615869135,0.8819811107486639,0.32118682728468473,0.2728884826274797,0.26939349401385454,0,3,0.2281432647650718,1,1,1,0
0.32370820668693,0.6230200633579724,0.6019736842105263,0.8185185185185184,0.4733641350224512,-0.021046379147446115,0.8329360334080985,0.6124968737842493,0.5162339847518096,0.5248079546976813,0,1,0.29931185667104243,1,0,0,1
0.5486322188449846,0.7750791974656811,0.8300438596491228,0.4901234567901234,0.6618557081553329,0.05496466218344165,0.850840208838832,0.8025615285574019,0.7179184253199296,0.7291309687528488,0,0,0.28141164080413816,0,0,0,1
0.5638297872340425,0.5089757127771911,0.3684210526315788,0.8024691358024691,0.5364027500056168,-0.1405546601456123,0.8992121406682146,0.438698382704385,0.48040885088093743,0.4692100710560016,0,1,0.19540873460246372,0,0,1,1
0.5182370820668691,0.1816261879619852,0.650219298245614,0.3679012345679012,0.34993163501442714,0.46859311028362877,0.7583715998953395,0.4159227431037996,0.4500275227581561,0.4700467003069019,0,1,0.46859311028362877,0,1,0,1
0.2097264437689968,0.307286166842661,0.4024122807017543,0.8876543209876544,0.2585063053058289,0.09512611385909325,0.9036545202075534,0.3548492237722076,0.30647496377113737,0.316068695464199,0,3,0.19268583693275748,1,1,1,0
0.0471124620060788,0.4456177402323125,0.4506578947368421,1.0,0.24636510111919563,0.005040154504529604,0.7684541887626207,0.44813781748457726,0.31446269899174445,0.32808221856625425,0,3,0.40354543273076326,1,1,1,0
0.4787234042553191,0.4889123548046463,0.8749999999999999,0.5592592592592591,0.4838178795299827,0.3860876451953536,0.7740934467451999,0.6819561774023231,0.614211919686655,0.6402907277179896,0,2,0.39627659574468077,1,1,0,1
0.3814589665653494,0.5131995776135163,0.475877192982456,0.4728395061728395,0.44732927208943285,-0.0373223846310603,0.9320989071349054,0.49453838529798616,0.45684524572044055,0.4587484404466421,0,2,0.13174061104816692,1,0,1,1
0.5516717325227962,0.5839493136219641,0.6743421052631579,0.2209876543209876,0.5678105230723802,0.09039279164119374,0.9364118467918212,0.629145709442561,0.6033210504693062,0.6104231559486912,1,0,0.12267037274036163,0,0,0,1
0.5957446808510638,0.5279831045406547,0.2138157894736841,0.6876543209876542,0.5618638926958592,-0.3141673150669706,0.7962180858739688,0.37089944700716937,0.4458478582884675,0.42264465140698915,0,1,0.38192889137737973,0,0,1,0
0.4939209726443769,0.7434002111932418,0.950657894736842,0.6098765432098765,0.6186605919188094,0.2072576835436002,0.7713065174164047,0.8470290529650419,0.7293263595248204,0.7514595130460224,0,1,0.45673692209246514,1,0,0,1
0.6063829787234041,0.4709609292502639,0.7017543859649122,0.3703703703703704,0.538671953986834,0.23079345671464835,0.8840255369596195,0.5863576576075881,0.5930327646461934,0.6039049267780653,0,1,0.23079345671464835,0,1,0,1
0.5106382978723403,0.4413938753959873,0.5471491228070176,0.865432098765432,0.4760160866341638,0.10575524741103026,0.9462846968787253,0.4942714991015024,0.4997270986917817,0.5044693011033052,0,1,0.10575524741103026,0,1,0,1
0.5653495440729484,0.6536430834213305,0.6973684210526316,0.6419753086419753,0.6094963137471394,0.04372533763130115,0.9327484348129944,0.6755057522369811,0.6387870161823035,0.6446451566693363,0,0,0.1320188769796833,0,0,0,1
0.3389057750759877,0.3347412882787751,0.3048245614035087,0.4876543209876543,0.3368235316773814,-0.029916726875266364,0.9814084130917476,0.3197829248411419,0.3261572082527571,0.3240239435678323,0,3,0.03408121367247896,1,1,1,0
0.4346504559270515,0.6388595564941921,0.8168859649122806,0.6160493827160494,0.5367550062106218,0.17802640841808848,0.8087328468790831,0.7278727607032364,0.630131992444508,0.6488073896912853,0,1,0.3822355089852291,1,0,0,1
0.5045592705167172,0.5934530095036958,0.5197368421052632,1.0,0.5490061400102065,-0.07371616739843267,0.9524490994716814,0.5565949258044796,0.5392497073752254,0.5372984208482292,0,0,0.08889373898697861,0,0,0,1
0.6170212765957446,0.5543822597676874,0.5427631578947368,0.902469135802469,0.585701768181716,-0.011619101872950566,0.9600564603668866,0.5485727088312121,0.5713888980860563,0.5685263240669243,0,0,0.07425811870100774,0,0,0,1
0.3966565349544072,0.8289334741288278,0.4868421052631579,0.7209876543209877,0.6127950045416175,-0.3420913688656699,0.7719564026016413,0.6578877896959928,0.570810704782131,0.5624138448302337,0,2,0.43227693917442056,1,0,1,1
0.5638297872340425,0.4794086589229144,0.4682017543859648,0.906172839506173,0.5216192230784784,-0.011206904536949613,0.947723105357119,0.4738052066544396,0.5038134001809739,0.500252235601473,0,2,0.09562803284807775,0,1,1,1
0.4194528875379938,0.9039070749736008,0.7203947368421052,0.4666666666666666,0.6616799812557973,-0.1835123381314956,0.7554123760854605,0.812150905907853,0.6812515664512332,0.6851658834903205,0,1,0.484454187435607,1,0,0,1
0.4468085106382978,0.5417106652587117,0.6337719298245613,0.7604938271604937,0.4942595879485048,0.09206126456584962,0.9065146932232317,0.5877412975416365,0.5407637019071903,0.5500645246989273,0,1,0.18696341918626352,1,0,0,1
0.6200607902735562,0.3748680042238648,0.7116228070175439,0.788888888888889,0.4974643972487105,0.3367548027936791,0.8258798774573304,0.5432454056207043,0.5688505338383216,0.5831277611562438,0,1,0.3367548027936791,0,1,0,1
0.1048632218844983,0.5881731784582893,0.581140350877193,0.6370370370370368,0.3465182001713938,-0.007032827581096357,0.7229687507432092,0.5846567646677412,0.42472558373999353,0.4403670604537135,0,1,0.483309956573791,1,0,0,1
0.2310030395136777,0.4076029567053854,0.6842105263157895,0.8604938271604938,0.31930299810953156,0.2766075696104041,0.7715646318936218,0.5459067415105874,0.4409388408449509,0.4652660093920347,0,2,0.45320748680211176,1,1,0,1
0.1975683890577507,0.4582893347412883,0.5010964912280702,0.5604938271604938,0.32792886189951953,0.042807156486781905,0.8357150985981376,0.47969291298467925,0.38565140500903644,0.39719591363093976,0,2,0.3035281021703195,1,1,0,1
0.0425531914893616,0.6409714889123548,1.0,0.8790123456790124,0.34176234020085816,0.3590285110876452,0.5163144407104183,0.8204857444561774,0.5611748934672388,0.6050574041205149,0,1,0.9574468085106385,1,0,0,1
0.3449848024316109,0.6652587117212249,0.2741228070175437,0.8888888888888888,0.5051217570764179,-0.39113590470368115,0.7915997059686646,0.4696907593693843,0.42812210705679316,0.41272217705286823,0,2,0.39113590470368115,1,0,1,1
0.6048632218844985,0.4794086589229144,0.8322368421052632,0.0333333333333333,0.5421359404037065,0.35282818318234876,0.8211493465728386,0.6558227505140888,0.6388362409708921,0.6581763010843291,1,1,0.35282818318234876,0,1,0,0
0.4164133738601823,0.73389651531151,0.8530701754385964,1.0,0.5751549445858462,0.11917366012708641,0.7742910913224068,0.7934833453750532,0.6677933548700962,0.6863210369269463,0,1,0.43665680157841413,1,0,0,1
0.5045592705167172,0.7613516367476241,0.4155701754385965,0.0,0.6329554536321707,-0.3457814613090276,0.8204514005520616,0.5884609060931103,0.5604936942343126,0.546001342354741,1,1,0.3457814613090276,0,0,1,0
0.6671732522796352,0.8046462513199577,1.0,0.6012345679012345,0.7359097517997965,0.1953537486800423,0.8327499095233921,0.9023231256599789,0.8239398345331977,0.8415458510798779,0,0,0.3328267477203648,0,0,0,1
0.709726443768997,0.6610348468848997,0.7796052631578948,1.0,0.6853806453269483,0.11857041627299514,0.940400133359404,0.7203200550213973,0.7167888512705972,0.723070492459327,0,0,0.11857041627299514,0,0,0,1
0.4559270516717325,0.7940865892291447,0.775219298245614,0.6753086419753087,0.6250068204504385,-0.018867290983530682,0.8099757093455785,0.7846529437373793,0.6750776463821637,0.6850918115685087,0,1,0.3381595375574122,1,0,0,1
0.7142857142857142,0.279831045406547,0.5888157894736842,0.391358024691358,0.4970583798461306,0.30898474406713716,0.7764061966386824,0.4343234174401156,0.5276441830553151,0.533761343697152,0,1,0.43445466887916717,0,1,0,1
0.484802431610942,0.5269271383315733,0.5405701754385965,0.482716049382716,0.5058647849712576,0.013643037107023193,0.9709292110259866,0.5337486568850849,0.5174332484603706,0.5197469411581932,0,1,0.05576774382765454,1,0,0,1
0.3161094224924011,0.440337909186906,0.5416666666666667,1.0,0.37822366583965356,0.10132875747976072,0.8870278025365766,0.49100228792678635,0.4327046661153246,0.4436008661704588,0,2,0.22555724417426565,1,1,0,1
0.3601823708206686,0.5966209081309397,0.6600877192982456,0.2790123456790124,0.47840163947580416,0.0634668111673059,0.8419523088375833,0.6283543137145926,0.5389636660832847,0.5510760714047807,0,1,0.299905348477577,1,0,0,1
0.1975683890577507,0.4868004223864836,0.8596491228070176,1.0,0.34218440572211717,0.372848700420534,0.6680807777709759,0.6732247725967506,0.5146726447504173,0.5491702925560773,0,2,0.6620807337492669,1,1,0,1
0.3054711246200606,0.5512143611404434,0.6195175438596491,0.7395061728395063,0.428342742880252,0.06830318271920566,0.834833308189225,0.5853659525000463,0.49206767654005096,0.5048126632720109,0,1,0.3140464192395885,1,0,0,1
0.4027355623100304,0.8753959873284055,0.4035087719298245,0.4592592592592593,0.6390657748192179,-0.47188721539858103,0.7273323086953969,0.6394523796291149,0.5605467738560868,0.5448429736634606,0,2,0.47266042501837513,1,0,1,1
0.6139817629179329,0.5512143611404434,0.7456140350877193,0.6086419753086418,0.5825980620291882,0.19439967394727586,0.9007880761254939,0.6484141981140814,0.6369367197153651,0.6478044512526007,0,0,0.19439967394727586,0,0,0,1
0.7811550151975681,0.6430834213305174,0.7653508771929823,0.5024691358024691,0.7121192182640428,0.1222674558624649,0.9244322968302203,0.7042171492617499,0.7298631045736893,0.7334118818356186,0,0,0.1380715938670507,0,0,0,1
0.21580547112462,0.5406546990496304,0.712719298245614,0.9666666666666666,0.3782300850871252,0.1720645991959836,0.7476587631915919,0.6266869986476222,0.48972648947328806,0.5120257703505207,0,1,0.49691382712099397,1,0,0,1
0.5395136778115501,0.5892291446673706,0.7302631578947368,0.9333333333333332,0.5643714112394604,0.1410340132273662,0.9010491833588398,0.6597461512810537,0.6196686601245526,0.6307281099015709,0,0,0.1907494800831867,0,0,0,1
0.2781155015197567,0.5786694825765575,0.5296052631578948,0.3283950617283951,0.4283924920481571,-0.04906421941866268,0.8387615154679969,0.5541373728672261,0.4621300824180697,0.4688776004920522,0,1,0.30055398105680076,1,0,0,1
0.5547112462006079,0.648363252375924,0.400219298245614,0.6530864197530863,0.6015372492882659,-0.24814395413030998,0.874691126800603,0.5242912753107689,0.534431265607382,0.5210100688712052,0,1,0.24814395413030998,0,0,1,1
0.4437689969604862,0.7624076029567053,0.4122807017543858,0.5395061728395061,0.6030882999585958,-0.3501269012023195,0.8063031058105908,0.5873441523555456,0.5394857672238591,0.5267652606769118,0,2,0.3501269012023195,1,0,1,1
0.1337386018237081,0.8384371700105596,0.2609649122807017,1.0,0.48608788591713387,-0.5774722577298579,0.6244424556909383,0.5497010411456307,0.41104689470498984,0.39603869646256096,0,2,0.7046985681868515,1,0,1,1
0.6367781155015195,0.6261879619852164,0.6304824561403508,0.4197530864197531,0.631483038743368,0.004294494155134387,0.9946735039920034,0.6283352090627836,0.631149511209029,0.6310828057021611,0,0,0.010590153516303102,0,0,0,1
0.3571428571428571,0.6705385427666314,0.5668859649122807,1.0,0.5138406999547442,-0.10365257785435067,0.8403373953612265,0.618712253839456,0.5315224549405898,0.5350588059377588,0,1,0.3133956856237743,1,0,0,1
0.3708206686930091,0.3949313621964097,0.4967105263157894,0.7444444444444445,0.3828760154447094,0.1017791641193797,0.9331811153910083,0.4458209442560995,0.42082085240173606,0.4284098197931414,0,3,0.12588985762278027,1,1,1,1
0.2735562310030395,0.5638859556494192,0.0,0.4666666666666666,0.41872109332622937,-0.5638859556494192,0.7180154461935637,0.2819429778247096,0.2791473955508196,0.25123265599573763,0,2,0.5638859556494192,1,0,1,0
0.3480243161094224,0.7265047518479407,0.3366228070175438,0.5864197530864197,0.5372645339786816,-0.3898819448303969,0.778119639763857,0.5315637794327422,0.470383958324969,0.4570078431942265,0,2,0.3898819448303969,1,0,1,1
0.5455927051671732,0.7148891235480465,0.8048245614035088,0.5555555555555556,0.6302409143576098,0.08993543785546232,0.8683750178559166,0.7598568424757777,0.6884354633729094,0.7000743731759694,0,0,0.2592318562363356,0,0,0,1
0.4331306990881458,0.6114044350580782,0.4517543859649122,0.4382716049382716,0.522267567073112,-0.159650049093166,0.9020063736553823,0.5315794105114952,0.49876317337037873,0.4940622946298321,0,2,0.1782737359699324,1,0,1,1
0.527355623100304,0.7180570221752903,0.6546052631578947,0.7765432098765432,0.6227063226377971,-0.06345175901739564,0.9028869900353672,0.6863311426665926,0.633339302811163,0.6354658988458362,0,0,0.1907013990749863,0,0,0,1
0.5334346504559269,0.6557550158394931,0.3092105263157894,0.4493827160493827,0.59459483314771,-0.34654448952370376,0.8242483699206816,0.48248277107764126,0.4994667308704031,0.48044111041494175,0,1,0.34654448952370376,0,0,1,1
0.7082066869300911,0.7676874340021119,0.8673245614035088,0.2148148148148148,0.7379470604661016,0.09963712740139685,0.9196009800992717,0.8175059977028103,0.781072894111904,0.7896980608410644,1,0,0.15911787447341763,0,0,0,1
0.4057750759878418,0.6230200633579724,0.5548245614035088,0.6592592592592592,0.5143975696729071,-0.06819550195446367,0.8888981247330897,0.5889223123807406,0.5278732335831077,0.5305683663651478,0,1,0.21724498737013065,1,0,0,1
0.1990881458966563,0.5216473072861668,0.6403508771929824,0.3074074074074074,0.3603677265914116,0.11870356990681563,0.7716553233464739,0.5809990922395747,0.45369544345860185,0.4723609868320399,0,1,0.44126273129632615,1,0,0,1
0.6626139817629177,0.6304118268215416,1.0,0.5679012345679013,0.6465129042922297,0.3695881731784584,0.7952799790615928,0.8152059134107708,0.7643419361948198,0.7879077425753378,0,0,0.3695881731784584,0,0,0,1
0.4072948328267476,0.1129883843717001,0.8826754385964912,0.528395061728395,0.26014160859922386,0.7696870542247911,0.6116227848715744,0.49783191148409567,0.46765288526497967,0.5091551405981308,0,2,0.7696870542247911,1,1,0,1
0.6717325227963526,0.6378035902851109,0.5230263157894737,0.5382716049382716,0.6547680565407318,-0.11477727449563724,0.9220699766838094,0.5804149530372923,0.610854142956979,0.6020713602402286,0,0,0.14870620700687898,0,0,0,1
0.5379939209726443,0.0,0.4660087719298244,1.0,0.26899696048632216,0.4660087719298244,0.7079430717018285,0.2330043859649122,0.33466756430082284,0.34780168506372305,0,2,0.5379939209726443,0,1,1,0
0.4437689969604862,0.3041182682154171,0.518640350877193,0.7666666666666666,0.37394363258795166,0.21452208266177586,0.891121038437251,0.411379309546305,0.42217587201769874,0.43182231990364817,0,2,0.21452208266177586,1,1,0,1
0.5319148936170213,0.6494192185850052,0.6842105263157895,0.8135802469135802,0.5906670561010132,0.034791307730784315,0.9201964273785128,0.6668148724503973,0.6218482128392719,0.6280844441869238,0,0,0.15229563269876822,0,0,0,1
0.8237082066869301,0.6536430834213305,0.5625,0.3148148148148148,0.7386756450541303,-0.09114308342133048,0.8674236477550306,0.6080715417106652,0.6799504300360869,0.6682053870324781,0,0,0.2612082066869301,0,0,0,1
0.8465045592705167,0.3938753959873284,0.5054824561403508,0.5913580246913581,0.6201899776289226,0.11160706015302241,0.7641945116012773,0.44967892606383963,0.581954137132732,0.5743069690334939,0,1,0.4526291632831883,0,1,0,1
0.4802431610942248,0.4646251319957761,0.8728070175438597,0.8061728395061729,0.4724341465450005,0.4081818855480836,0.7687127486172521,0.6687160747698179,0.6058917702112869,0.6325832949445442,0,2,0.4081818855480836,1,1,0,1
0.4969604863221883,0.7951425554382259,0.5603070175438596,0.4999999999999999,0.6460515208802071,-0.2348355378943663,0.8429049867021681,0.6777247864910427,0.6174700197680912,0.611753719545668,0,1,0.29818206911603756,1,0,0,1
0.6641337386018238,0.5005279831045406,1.0,0.977777777777778,0.5823308608531822,0.4994720168954594,0.7453612740767019,0.7502639915522703,0.7215539072354549,0.7493985165119094,0,0,0.4994720168954594,0,0,0,1
0.3145896656534953,0.932418162618796,0.6008771929824561,0.4555555555555555,0.6235039141361456,-0.33154096963633983,0.6908096555749901,0.766647677800626,0.6159616737515824,0.6144532256746698,0,1,0.6178284969653007,1,0,0,1
0.5288753799392096,0.5776135163674762,0.9353070175438596,0.682716049382716,0.553244448153343,0.35769350117638343,0.7780740653685269,0.7564602669556679,0.6805986379501818,0.7060694759095496,0,0,0.40643163760464995,0,0,0,1
0.4635258358662614,0.642027455121436,0.6535087719298246,0.6086419753086418,0.5527766454938488,0.011481316808388597,0.8934728792687782,0.6477681135256304,0.5863540209725073,0.5930694960682391,0,1,0.1899829360635632,1,0,0,1
0.525835866261398,0.8342133051742343,0.7730263157894737,0.7938271604938272,0.6800245857178162,-0.06118698938476064,0.8367294623238763,0.8036198104818539,0.7110251624083688,0.7172252777464792,0,0,0.3083774389128363,0,0,0,1
0.3161094224924011,0.5987328405491024,0.4407894736842104,0.5950617283950617,0.4574211315207517,-0.15794336686489197,0.8583624233381415,0.5197611571166564,0.45187724557523795,0.45076846838613516,0,2,0.28262341805670127,1,0,1,1
0.1778115501519755,0.4192185850052798,0.4144736842105262,0.6864197530864196,0.29851506757862767,-0.004744900794753593,0.8619729276208444,0.416846134607903,0.33716793978926046,0.34489851423138707,0,3,0.2414070348533043,1,1,1,0
0.0896656534954406,0.5607180570221753,0.6743421052631579,0.6950617283950618,0.32519185525880795,0.1136240482409826,0.6899872732562229,0.6175300811426665,0.4415752719269246,0.4648519552605479,0,1,0.5846764517677172,1,0,0,1
0.2644376899696048,0.5723336853220696,0.7785087719298245,0.5716049382716049,0.4183856876458372,0.20617508660775485,0.7412925759345281,0.6754212286259471,0.5384267157404996,0.5624349213594322,0,1,0.5140710819602197,1,0,0,1
0.384498480243161,0.3611404435058078,0.5910087719298246,0.8728395061728396,0.37281946187448445,0.22986832842401678,0.8734881119781056,0.4760746077178162,0.4455492318929311,0.46009518589662046,0,2,0.22986832842401678,1,1,0,1
0.4148936170212765,0.5374868004223865,0.3289473684210525,0.8123456790123456,0.4761902087218315,-0.208539432001334,0.8951949898109918,0.43321708442171947,0.4271092619549051,0.41729307260151993,0,2,0.208539432001334,1,0,1,1
0.8206686930091185,0.4604012671594509,0.3146929824561403,0.7308641975308643,0.6405349800842847,-0.1457082847033106,0.7395404887418142,0.38754712480779563,0.5319209808749031,0.5101981810330269,0,2,0.5059757105529782,0,1,1,1
0.6702127659574466,0.7243928194297783,0.3015350877192981,0.6469135802469137,0.6973027926936124,-0.4228577317104802,0.7699031472427792,0.5129639535745382,0.565380224368841,0.5389957107038867,0,1,0.4228577317104802,0,0,1,1
0.2933130699088145,0.5828933474128828,0.2346491228070175,0.9493827160493828,0.4381032086608486,-0.3482442246058653,0.8135541920645412,0.40877123510995017,0.37028518004290495,0.35672157431931617,0,2,0.3482442246058653,1,0,1,0
0.5319148936170213,0.5332629355860612,0.6052631578947368,0.6950617283950618,0.5325889146015412,0.07200022230867564,0.9580360926862885,0.569263046740399,0.5568136623659398,0.5616586119188195,0,0,0.07334826427771557,0,0,0,1
0.3936170212765957,0.5607180570221753,0.8059210526315789,0.6777777777777778,0.4771675391493855,0.24520299560940362,0.7926187570862777,0.6833195548268771,0.5867520436434499,0.6086689445422628,0,1,0.41230403135498317,1,0,0,1
0.4164133738601823,0.6124604012671594,0.581140350877193,0.7790123456790123,0.5144368875636709,-0.031320050389966436,0.8946827337132345,0.5968003760721762,0.536671375334845,0.5411182728890798,0,1,0.1960470274069771,1,0,0,1
0.5015197568389058,0.6758183738120379,0.1370614035087719,1.0,0.5886690653254718,-0.538756970303266,0.725085173116832,0.4064398886604049,0.4381331780532385,0.4080260005987919,0,1,0.538756970303266,0,0,1,0
0.5805471124620061,0.4192185850052798,0.5460526315789473,0.4222222222222222,0.49988284873364297,0.12683404657366754,0.915045464754181,0.4826356082921136,0.5152727763487445,0.5183507618717647,0,1,0.16132852745672627,0,1,0,1
0.4057750759878418,0.4128827877507919,0.5515350877192983,0.94320987654321,0.40932893186931685,0.13865229996850637,0.917820358489246,0.4822089377350451,0.4567309838193106,0.4662113942093094,0,2,0.14576001173145647,1,1,0,1
0.6626139817629177,0.7529039070749735,0.9967105263157896,0.2851851851851851,0.7077589444189456,0.24380661924081615,0.8271732855909028,0.8748072166953815,0.8040761383845604,0.8233395771776832,0,0,0.33409654455287185,0,0,0,1
0.2598784194528873,0.512143611404435,0.2960526315789473,0.8061728395061729,0.3860110154286611,-0.2160909798254877,0.8635927590782955,0.4040981214916911,0.35602488747875655,0.3500276618887756,0,2,0.2522651919515477,1,0,1,0
0.4696048632218843,0.3526927138331573,0.506578947368421,1.0,0.4111487885275208,0.1538862335352637,0.9196709823654025,0.42963583060078914,0.44295884147448755,0.4493208520638809,0,2,0.1538862335352637,1,1,0,1
0.9422492401215804,0.648363252375924,0.9199561403508772,0.874074074074074,0.7953062462487521,0.2715928879749533,0.8363801902329661,0.7841596963634005,0.8368562109494605,0.8451662038896022,0,0,0.29388598774565644,0,0,0,1
0.5091185410334347,0.6515311510031678,0.6721491228070174,0.7950617283950618,0.5803248460183013,0.02061797180384961,0.9112255453099181,0.6618401369050926,0.6109329382812067,0.6170545567337877,0,0,0.16303058177358276,0,0,0,1
0.7294832826747719,0.3347412882787751,0.694078947368421,0.6148148148148147,0.5321122854767735,0.35933765908964593,0.781597366339811,0.514410117823598,0.5861011727739893,0.5968989502334325,0,1,0.39474199439599683,0,1,0,1
0.484802431610942,0.6135163674762407,0.6063596491228069,0.7604938271604937,0.5491593995435914,-0.007156718353433789,0.9276643782626736,0.6099380082995238,0.5682261494033299,0.5720394993752775,0,1,0.12871393586529872,1,0,0,1
0.5744680851063828,0.6937697993664202,0.6480263157894738,0.691358024691358,0.6341189422364015,-0.045743483576946464,0.9398111602033998,0.6708980575779471,0.638754733420759,0.6396818916576303,0,0,0.11930171426003744,0,0,0,1
0.4574468085106381,0.6367476240760295,0.7368421052631579,0.5592592592592591,0.5470972162933339,0.10009448118712838,0.8584435215929913,0.6867948646695936,0.6103455126166085,0.6229951718812634,0,1,0.27939529675251973,1,0,0,1
0.4376899696048631,0.6779303062302006,0.4232456140350877,0.6814814814814816,0.5578101379175319,-0.25468469219511286,0.8569450273564967,0.5505879601326441,0.5129552966233838,0.5039843283645542,0,2,0.25468469219511286,1,0,1,1
0.3252279635258358,0.3548046462513199,0.756578947368421,0.8024691358024691,0.3400163048885778,0.4017743011171011,0.7590432125666702,0.5556917968098705,0.47887051904852557,0.5066413618805151,0,2,0.43135098384258524,1,1,0,1
0.547112462006079,0.6304118268215416,0.3124999999999999,0.5641975308641975,0.5887621444138103,-0.31791182682154173,0.8351517257494924,0.47145591341077075,0.49667476294254015,0.4782572866482861,0,1,0.31791182682154173,0,0,1,1
0.3130699088145895,0.5300950369588173,0.6480263157894738,0.5543209876543209,0.4215824728867034,0.11793127883065646,0.8300963570401463,0.5890606763741455,0.4970637538542935,0.5121600100478115,0,1,0.33495640697488427,1,0,0,1
0.5896656534954408,0.5015839493136219,0.618421052631579,0.4172839506172839,0.5456248014045313,0.11683710331795705,0.9391228445928702,0.5600025009726004,0.5698902184802138,0.5747433018953504,0,0,0.11683710331795705,0,0,0,1
0.6656534954407294,0.7159450897571277,0.4616228070175438,0.8493827160493828,0.6907992925989286,-0.25432228273958385,0.865316674024339,0.5887839483873357,0.614407130738467,0.5991286983663746,0,1,0.25432228273958385,0,0,1,1
0.5349544072948329,0.8120380147835269,0.5789473684210527,0.8876543209876544,0.6734962110391799,-0.23309064636247423,0.8510917756976478,0.6954926916022898,0.6419799301664708,0.635676673991929,0,0,0.277083607488694,0,0,0,1
0.4164133738601823,0.8616684266103485,0.4605263157894736,0.8098765432098765,0.6390409002352654,-0.40114211082087486,0.7546726653635197,0.6610973711999111,0.5795360387533348,0.5676350664569487,0,2,0.4452550527501662,1,0,1,1
0.5501519756838906,0.7856388595564942,0.3717105263157894,0.991358024691358,0.6678954176201923,-0.41392833324070477,0.7923817251187308,0.5786746929361417,0.5691671205187246,0.5494214610984312,0,1,0.41392833324070477,0,0,1,1
0.4118541033434649,0.5607180570221753,0.5131578947368421,0.7753086419753086,0.48628608018282005,-0.04756016228533311,0.9239683137412025,0.5369379758795088,0.49524335170082745,0.4970348060044289,0,1,0.14886395367871036,1,0,0,1
0.6382978723404256,0.6335797254487856,0.3651315789473683,0.8493827160493828,0.6359387988946056,-0.2684481465014173,0.8436315824107271,0.499355652198077,0.5456697255788598,0.5276159109157107,0,1,0.27316629339305726,0,0,1,1
0.1337386018237081,0.6990496304118268,0.6469298245614035,0.828395061728395,0.41639411611776744,-0.052119805850423306,0.6875744717269268,0.6729897274866151,0.49323935226564614,0.5086083994952219,0,1,0.5653110285881187,1,0,0,1
0.4072948328267476,0.5966209081309397,0.3563596491228069,0.7308641975308643,0.5019578704788437,-0.24026125900813283,0.8734007449276683,0.4764902786268733,0.45342513002683144,0.44371858193642894,0,2,0.24026125900813283,1,0,1,1
0.1048632218844983,0.5987328405491024,0.7236842105263157,0.6222222222222222,0.3517980312168003,0.12495136997721334,0.6727744251328704,0.661208525537709,0.4757600909866388,0.5005525029406065,0,1,0.6188209886418174,1,0,0,1
0.1960486322188449,0.7085533262935586,0.3497807017543859,1.0,0.4523009792562017,-0.3587726245391727,0.7370005048258892,0.5291670140239723,0.4181275534222631,0.4112928682554754,0,2,0.5125046940747138,1,0,1,1
